Player,Pos,Week,actual_pts,rolling_avg,trend,projected_pts
A.J. Brown,WR,11,11.0,5.0,5.0,10.0
A.J. Brown,WR,12,25.0,13.0,11.0,24.0
A.J. Brown,WR,13,35.0,23.67,12.0,35.67
A.J. Brown,WR,2,7.0,22.33,-9.0,13.33
A.J. Brown,WR,3,22.0,21.33,-6.5,14.83
A.J. Brown,WR,4,2.0,10.33,-2.5,7.83
A.J. Brown,WR,5,9.0,11.0,-6.5,4.5
A.J. Brown,WR,6,14.0,8.33,6.0,14.33
A.J. Brown,WR,7,28.0,17.0,9.5,26.5
AJ Barner,TE,11,17.0,6.0,8.0,14.0
AJ Barner,TE,12,3.0,6.67,1.5,8.17
AJ Barner,TE,13,7.0,9.0,-5.0,4.0
AJ Barner,TE,2,10.0,6.67,3.5,10.17
AJ Barner,TE,3,3.0,6.67,-2.0,4.67
AJ Barner,TE,4,12.0,8.33,1.0,9.33
AJ Barner,TE,5,24.0,13.0,10.5,23.5
AJ Barner,TE,6,10.0,15.33,-1.0,14.33
AJ Barner,TE,7,1.0,11.67,-11.5,0.17
AJ Barner,TE,9,11.0,7.33,0.5,7.83
AJ Dillon,RB,4,1.0,1.0,0.0,1.0
AJ Dillon,RB,5,1.0,1.0,0.0,1.0
AJ Dillon,RB,6,2.0,1.33,0.5,1.83
Aaron Jones,RB,11,11.0,13.67,-2.0,11.67
Aaron Jones,RB,12,8.0,11.33,-3.5,7.83
Aaron Jones,RB,13,5.0,8.0,-3.0,5.0
Aaron Jones,RB,2,2.0,5.0,-3.0,2.0
Aaron Jones,RB,8,4.0,3.67,-0.5,3.17
Aaron Jones,RB,9,11.0,5.67,4.5,10.17
Aaron Rodgers,QB,11,10.0,17.0,-11.5,5.5
Aaron Rodgers,QB,13,3.0,7.0,-2.5,4.5
Aaron Rodgers,QB,2,12.0,8.33,1.0,9.33
Aaron Rodgers,QB,3,15.0,10.0,6.0,16.0
Aaron Rodgers,QB,4,14.0,13.67,1.0,14.67
Aaron Rodgers,QB,6,21.0,16.67,3.0,19.67
Aaron Rodgers,QB,7,29.0,21.33,7.5,28.83
Aaron Rodgers,QB,8,20.0,23.33,-0.5,22.83
Aaron Rodgers,QB,9,14.0,21.0,-7.5,13.5
Adam Prentice,RB,11,2.0,1.67,0.5,2.17
Adam Prentice,RB,13,2.0,2.0,0.0,2.0
Adam Prentice,RB,4,0.0,1.33,-1.0,0.33
Adam Prentice,RB,5,0.0,0.67,-1.0,-0.33
Adam Prentice,RB,6,0.0,0.0,0.0,0.0
Adam Prentice,RB,9,0.0,0.0,0.0,0.0
Adam Thielen,WR,11,1.0,2.0,-0.5,1.5
Adam Thielen,WR,2,4.0,2.67,0.5,3.17
Adam Thielen,WR,4,3.0,2.67,1.0,3.67
Adam Thielen,WR,7,2.0,3.0,-1.0,2.0
Adam Trautman,TE,11,1.0,1.0,0.0,1.0
Adam Trautman,TE,13,7.0,3.0,3.0,6.0
Adam Trautman,TE,2,10.0,6.0,4.5,10.5
Adam Trautman,TE,4,5.0,7.33,-1.0,6.33
Adam Trautman,TE,5,2.0,5.67,-4.0,1.67
Adam Trautman,TE,9,4.0,3.67,-0.5,3.17
Adonai Mitchell,WR,12,6.0,4.0,1.0,5.0
Adonai Mitchell,WR,13,24.0,10.67,11.0,21.67
Adonai Mitchell,WR,2,4.0,11.33,-1.0,10.33
Adonai Mitchell,WR,4,11.0,13.0,-6.5,6.5
Adonai Mitchell,WR,7,1.0,5.33,-1.5,3.83
Adonai Mitchell,WR,9,1.0,4.33,-5.0,-0.67
Alec Ingold,RB,2,3.0,1.33,1.0,2.33
Alec Ingold,RB,6,3.0,2.0,1.5,3.5
Alec Ingold,RB,8,1.0,2.33,-1.0,1.33
Alec Pierce,WR,12,3.0,8.33,-0.5,7.83
Alec Pierce,WR,13,17.0,12.67,-0.5,12.17
Alec Pierce,WR,2,10.0,10.0,3.5,13.5
Alec Pierce,WR,3,10.0,12.33,-3.5,8.83
Alec Pierce,WR,6,6.0,8.67,-2.0,6.67
Alec Pierce,WR,7,14.0,10.0,2.0,12.0
Alec Pierce,WR,8,8.0,9.33,1.0,10.33
Alec Pierce,WR,9,17.0,13.0,1.5,14.5
Allen Lazard,WR,3,9.0,4.0,4.0,8.0
Allen Lazard,WR,4,1.0,4.0,-0.5,3.5
Allen Lazard,WR,5,1.0,3.67,-4.0,-0.33
Allen Lazard,WR,7,3.0,1.67,1.0,2.67
Allen Lazard,WR,8,1.0,1.67,0.0,1.67
Alvin Kamara,RB,12,3.0,10.0,-5.0,5.0
Alvin Kamara,RB,2,16.0,11.0,1.0,12.0
Alvin Kamara,RB,3,6.0,8.33,1.5,9.83
Alvin Kamara,RB,4,11.0,11.0,-2.5,8.5
Alvin Kamara,RB,5,8.0,8.33,1.0,9.33
Alvin Kamara,RB,6,12.0,10.33,0.5,10.83
Alvin Kamara,RB,7,5.0,8.33,-1.5,6.83
Alvin Kamara,RB,8,6.0,7.67,-3.0,4.67
Alvin Kamara,RB,9,1.0,4.0,-2.0,2.0
Ameer Abdullah,RB,6,1.0,2.67,0.0,2.67
Ameer Abdullah,RB,7,2.0,3.0,-2.0,1.0
Ameer Abdullah,RB,8,1.0,1.33,0.0,1.33
Ameer Abdullah,RB,9,1.0,1.33,-0.5,0.83
Amon-Ra St.,WR,11,6.0,10.0,-1.0,9.0
Amon-Ra St.,WR,12,29.0,17.0,6.5,23.5
Amon-Ra St.,WR,2,38.0,24.33,16.0,40.33
Amon-Ra St.,WR,3,20.0,29.0,-4.5,24.5
Amon-Ra St.,WR,4,26.0,28.0,-6.0,22.0
Amon-Ra St.,WR,5,18.0,21.33,-1.0,20.33
Amon-Ra St.,WR,6,13.0,19.0,-6.5,12.5
Amon-Ra St.,WR,7,20.0,17.0,1.0,18.0
Amon-Ra St.,WR,9,18.0,17.0,2.5,19.5
Andrei Iosivas,WR,13,9.0,8.0,2.0,10.0
Andrei Iosivas,WR,2,2.0,7.0,-4.0,3.0
Andrei Iosivas,WR,4,3.0,4.67,-3.0,1.67
Andrei Iosivas,WR,5,13.0,6.0,5.5,11.5
Andrei Iosivas,WR,6,1.0,5.67,-1.0,4.67
Andrei Iosivas,WR,7,7.0,7.0,-3.0,4.0
Andrei Iosivas,WR,9,17.0,8.33,8.0,16.33
Andrew Beck,RB,6,1.0,3.33,-0.5,2.83
Andrew Beck,RB,8,1.0,3.0,-3.0,0.0
Andy Dalton,QB,7,2.0,3.33,1.0,4.33
Andy Dalton,QB,8,3.0,4.33,-2.5,1.83
Antonio Gibson,RB,3,1.0,1.33,0.5,1.83
Antonio Gibson,RB,4,8.0,4.0,2.5,6.5
Antonio Gibson,RB,5,3.0,4.0,1.0,5.0
Arian Smith,WR,2,1.0,0.67,0.0,0.67
Arian Smith,WR,3,2.0,1.0,1.0,2.0
Arian Smith,WR,5,2.0,1.67,0.5,2.17
Arian Smith,WR,7,1.0,1.67,-0.5,1.17
Arian Smith,WR,8,3.0,2.0,0.5,2.5
Ashton Dulin,WR,12,5.0,2.67,2.0,4.67
Ashton Dulin,WR,4,2.0,3.0,0.0,3.0
Ashton Dulin,WR,5,7.0,4.67,1.0,5.67
Ashton Dulin,WR,8,1.0,3.33,-0.5,2.83
Ashton Jeanty,RB,11,8.0,11.33,-1.5,9.83
Ashton Jeanty,RB,12,24.0,15.67,4.5,20.17
Ashton Jeanty,RB,13,12.0,14.67,2.0,16.67
Ashton Jeanty,RB,2,7.0,14.33,-8.5,5.83
Ashton Jeanty,RB,3,6.0,8.33,-3.0,5.33
Ashton Jeanty,RB,4,33.0,15.33,13.0,28.33
Ashton Jeanty,RB,5,15.0,18.0,4.5,22.5
Ashton Jeanty,RB,6,16.0,21.33,-8.5,12.83
Ashton Jeanty,RB,7,4.0,11.67,-5.5,6.17
Ashton Jeanty,RB,9,19.0,13.0,1.5,14.5
Austin Hooper,TE,2,6.0,4.67,2.0,6.67
Austin Hooper,TE,3,4.0,5.33,-1.0,4.33
Austin Hooper,TE,4,3.0,4.33,-1.5,2.83
Austin Hooper,TE,6,1.0,2.67,-1.5,1.17
Austin Hooper,TE,7,9.0,4.33,3.0,7.33
Austin Hooper,TE,8,5.0,5.0,2.0,7.0
Austin Hooper,TE,9,3.0,5.67,-3.0,2.67
Baker Mayfield,QB,11,18.0,24.33,-4.5,19.83
Baker Mayfield,QB,12,4.0,16.67,-12.0,4.67
Baker Mayfield,QB,13,15.0,12.33,-1.5,10.83
Baker Mayfield,QB,2,23.0,14.0,9.5,23.5
Baker Mayfield,QB,3,19.0,19.0,2.0,21.0
Baker Mayfield,QB,4,22.0,21.33,-0.5,20.83
Baker Mayfield,QB,5,30.0,23.67,5.5,29.17
Baker Mayfield,QB,6,23.0,25.0,0.5,25.5
Baker Mayfield,QB,7,13.0,22.0,-8.5,13.5
Baker Mayfield,QB,8,5.0,13.67,-9.0,4.67
Ben Sinnott,TE,8,3.0,3.67,-2.0,1.67
Ben Skowronek,WR,8,2.0,4.67,-3.5,1.17
Bhayshul Tuten,RB,11,13.0,5.0,6.0,11.0
Bhayshul Tuten,RB,12,1.0,5.0,0.0,5.0
Bhayshul Tuten,RB,13,8.0,7.33,-2.5,4.83
Bhayshul Tuten,RB,2,15.0,8.0,7.0,15.0
Bhayshul Tuten,RB,3,8.0,10.33,0.0,10.33
Bhayshul Tuten,RB,4,2.0,8.33,-6.5,1.83
Bhayshul Tuten,RB,5,1.0,3.67,-3.5,0.17
Bhayshul Tuten,RB,6,4.0,2.33,1.0,3.33
Bhayshul Tuten,RB,7,2.0,2.33,0.5,2.83
Bhayshul Tuten,RB,9,9.0,5.0,2.5,7.5
Bijan Robinson,RB,11,29.0,21.0,2.5,23.5
Bijan Robinson,RB,12,14.0,17.67,2.0,19.67
Bijan Robinson,RB,13,30.0,24.33,0.5,24.83
Bijan Robinson,RB,2,19.0,21.0,2.5,23.5
Bijan Robinson,RB,3,15.0,21.33,-7.5,13.83
Bijan Robinson,RB,4,27.0,20.33,4.0,24.33
Bijan Robinson,RB,6,35.0,25.67,10.0,35.67
Bijan Robinson,RB,7,21.0,27.67,-3.0,24.67
Bijan Robinson,RB,8,6.0,20.67,-14.5,6.17
Bijan Robinson,RB,9,17.0,14.67,-2.0,12.67
Blake Corum,RB,11,2.0,3.0,0.0,3.0
Blake Corum,RB,12,2.0,3.0,-1.5,1.5
Blake Corum,RB,13,14.0,6.0,6.0,12.0
Blake Corum,RB,2,10.0,8.67,4.0,12.67
Blake Corum,RB,3,5.0,9.67,-4.5,5.17
Blake Corum,RB,4,4.0,6.33,-3.0,3.33
Blake Corum,RB,5,1.0,3.33,-2.0,1.33
Blake Corum,RB,6,2.0,2.33,-1.0,1.33
Blake Corum,RB,7,4.0,2.33,1.5,3.83
Blake Corum,RB,9,5.0,3.67,1.5,5.17
Bo Nix,QB,11,11.0,9.33,1.0,10.33
Bo Nix,QB,13,17.0,12.0,4.5,16.5
Bo Nix,QB,2,26.0,18.0,7.5,25.5
Bo Nix,QB,3,15.0,19.33,-1.0,18.33
Bo Nix,QB,4,29.0,23.33,1.5,24.83
Bo Nix,QB,5,19.0,21.0,2.0,23.0
Bo Nix,QB,6,14.0,20.67,-7.5,13.17
Bo Nix,QB,7,43.0,25.33,12.0,37.33
Bo Nix,QB,8,31.0,29.33,8.5,37.83
Bo Nix,QB,9,21.0,31.67,-11.0,20.67
Braelon Allen,RB,3,6.0,4.33,0.0,4.33
Braelon Allen,RB,4,1.0,2.67,0.0,2.67
Brandin Cooks,WR,2,4.0,3.67,-0.5,3.17
Brandin Cooks,WR,3,5.0,3.67,1.5,5.17
Brandin Cooks,WR,4,5.0,4.67,0.5,5.17
Brandin Cooks,WR,5,1.0,3.67,-2.0,1.67
Brandin Cooks,WR,6,3.0,3.0,-1.0,2.0
Brandin Cooks,WR,7,1.0,1.67,0.0,1.67
Brandin Cooks,WR,8,5.0,3.0,1.0,4.0
Brandin Cooks,WR,9,3.0,3.0,1.0,4.0
Brashard Smith,RB,2,0.0,2.67,-1.0,1.67
Brashard Smith,RB,3,1.0,2.33,-2.5,-0.17
Brashard Smith,RB,4,5.0,2.0,2.5,4.5
Brashard Smith,RB,5,6.0,4.0,2.5,6.5
Brashard Smith,RB,6,5.0,5.33,0.0,5.33
Brashard Smith,RB,7,12.0,7.67,3.0,10.67
Brashard Smith,RB,8,0.0,5.67,-2.5,3.17
Brashard Smith,RB,9,0.0,4.0,-6.0,-2.0
Breece Hall,RB,11,7.0,13.67,-4.0,9.67
Breece Hall,RB,12,14.0,13.33,-2.5,10.83
Breece Hall,RB,13,14.0,11.67,3.5,15.17
Breece Hall,RB,2,4.0,10.67,-5.0,5.67
Breece Hall,RB,3,9.0,9.0,-2.5,6.5
Breece Hall,RB,4,16.0,9.67,6.0,15.67
Breece Hall,RB,5,18.0,14.33,4.5,18.83
Breece Hall,RB,6,5.0,13.0,-5.5,7.5
Breece Hall,RB,7,6.0,9.67,-6.0,3.67
Breece Hall,RB,8,34.0,15.0,14.5,29.5
Brenton Strange,TE,13,13.0,12.0,2.0,14.0
Brenton Strange,TE,2,4.0,10.33,-5.0,5.33
Brenton Strange,TE,3,12.0,9.67,-0.5,9.17
Brenton Strange,TE,4,10.0,8.67,3.0,11.67
Brenton Strange,TE,5,3.0,8.33,-4.5,3.83
Brevyn Spann-Ford,TE,2,1.0,3.0,0.0,3.0
Brevyn Spann-Ford,TE,6,1.0,3.0,-3.0,0.0
Brevyn Spann-Ford,TE,8,1.0,1.0,0.0,1.0
Brian Robinson,RB,11,2.0,5.67,-1.0,4.67
Brian Robinson,RB,12,5.0,6.0,-3.0,3.0
Brian Robinson,RB,13,2.0,3.0,0.0,3.0
Brian Robinson,RB,2,3.0,3.33,-1.0,2.33
Brian Robinson,RB,3,2.0,2.33,0.0,2.33
Brian Robinson,RB,4,2.0,2.33,-0.5,1.83
Brian Robinson,RB,5,1.0,1.67,-0.5,1.17
Brian Robinson,RB,6,3.0,2.0,0.5,2.5
Brian Robinson,RB,7,3.0,2.33,1.0,3.33
Brian Robinson,RB,9,11.0,5.67,4.0,9.67
Brian Thomas,WR,2,8.0,6.67,0.0,6.67
Brian Thomas,WR,3,7.0,6.33,1.5,7.83
Brian Thomas,WR,4,9.0,8.0,0.5,8.5
Brian Thomas,WR,5,12.0,9.33,2.5,11.83
Brian Thomas,WR,6,23.0,14.67,7.0,21.67
Brian Thomas,WR,7,6.0,13.67,-3.0,10.67
Brian Thomas,WR,9,8.0,12.33,-7.5,4.83
Brock Bowers,TE,11,14.0,11.0,-0.5,10.5
Brock Bowers,TE,12,11.0,9.67,3.5,13.17
Brock Bowers,TE,13,22.0,15.67,4.0,19.67
Brock Bowers,TE,2,8.0,13.67,-1.5,12.17
Brock Bowers,TE,3,9.0,13.0,-6.5,6.5
Brock Bowers,TE,4,9.0,8.67,0.5,9.17
Brock Bowers,TE,9,42.0,20.0,16.5,36.5
Brock Purdy,QB,12,8.0,18.0,-6.0,12.0
Brock Purdy,QB,13,18.0,17.33,-4.0,13.33
Brock Purdy,QB,4,22.0,16.0,7.0,23.0
Brock Wright,TE,2,11.0,6.0,4.5,10.5
Brock Wright,TE,5,8.0,8.0,1.5,9.5
Brock Wright,TE,7,5.0,8.0,-3.0,5.0
Brock Wright,TE,9,2.0,5.0,-3.0,2.0
Bryce Young,QB,11,37.0,16.33,13.0,29.33
Bryce Young,QB,12,9.0,15.67,4.0,19.67
Bryce Young,QB,13,28.0,24.67,-4.5,20.17
Bryce Young,QB,2,28.0,21.67,9.5,31.17
Bryce Young,QB,3,10.0,22.0,-9.0,13.0
Bryce Young,QB,4,12.0,16.67,-8.0,8.67
Bryce Young,QB,5,16.0,12.67,3.0,15.67
Bryce Young,QB,6,23.0,17.0,5.5,22.5
Bryce Young,QB,7,12.0,17.0,-2.0,15.0
Bryce Young,QB,9,2.0,12.33,-10.5,1.83
Brycen Tremayne,WR,3,3.0,4.33,0.0,4.33
Brycen Tremayne,WR,4,6.0,5.33,-0.5,4.83
Brycen Tremayne,WR,5,1.0,3.33,-1.0,2.33
Brycen Tremayne,WR,9,1.0,2.67,-2.5,0.17
C.J. Stroud,QB,2,16.0,11.0,4.0,15.0
C.J. Stroud,QB,3,12.0,12.33,1.5,13.83
C.J. Stroud,QB,4,22.0,16.67,3.0,19.67
C.J. Stroud,QB,5,36.0,23.33,12.0,35.33
C.J. Stroud,QB,7,15.0,24.33,-3.5,20.83
C.J. Stroud,QB,8,25.0,25.33,-5.5,19.83
C.J. Stroud,QB,9,4.0,14.67,-5.5,9.17
Cade Otton,TE,12,6.0,9.0,-5.5,3.5
Cade Otton,TE,13,2.0,4.0,-1.0,3.0
Cade Otton,TE,2,5.0,4.33,-0.5,3.83
Cade Otton,TE,4,3.0,3.33,0.5,3.83
Cade Otton,TE,5,12.0,6.67,3.5,10.17
Cade Otton,TE,6,10.0,8.33,3.5,11.83
Cade Otton,TE,7,13.0,11.67,0.5,12.17
Cade Otton,TE,8,8.0,10.33,-1.0,9.33
Caleb Williams,QB,11,9.0,20.0,-8.0,12.0
Caleb Williams,QB,12,28.0,21.0,1.0,22.0
Caleb Williams,QB,13,11.0,16.0,1.0,17.0
Caleb Williams,QB,2,20.0,19.67,-4.0,15.67
Caleb Williams,QB,3,36.0,22.33,12.5,34.83
Caleb Williams,QB,4,13.0,23.0,-3.5,19.5
Caleb Williams,QB,6,22.0,23.67,-7.0,16.67
Caleb Williams,QB,7,4.0,13.0,-4.5,8.5
Caleb Williams,QB,8,11.0,12.33,-5.5,6.83
Caleb Williams,QB,9,44.0,19.67,20.0,39.67
Calvin Austin,WR,11,1.0,7.0,-8.0,-1.0
Calvin Austin,WR,12,7.0,3.67,2.0,5.67
Calvin Austin,WR,2,3.0,3.67,1.0,4.67
Calvin Austin,WR,3,12.0,7.33,2.5,9.83
Calvin Austin,WR,4,3.0,6.0,0.0,6.0
Calvin Austin,WR,8,6.0,7.0,-3.0,4.0
Calvin Austin,WR,9,10.0,6.33,3.5,9.83
Calvin Ridley,WR,2,8.0,5.33,1.0,6.33
Calvin Ridley,WR,3,3.0,4.33,0.5,4.83
Calvin Ridley,WR,4,5.0,5.33,-1.5,3.83
Calvin Ridley,WR,5,18.0,8.67,7.5,16.17
Calvin Ridley,WR,6,2.0,8.33,-1.5,6.83
Cam Skattebo,RB,3,24.0,13.33,10.5,23.83
Cam Skattebo,RB,4,12.0,16.33,-0.5,15.83
Cam Skattebo,RB,5,14.0,16.67,-5.0,11.67
Cam Skattebo,RB,6,30.0,18.67,9.0,27.67
Cam Skattebo,RB,7,18.0,20.67,2.0,22.67
Cam Skattebo,RB,8,9.0,19.0,-10.5,8.5
Cameron Ward,QB,12,25.0,14.33,11.0,25.33
Cameron Ward,QB,13,5.0,15.0,-5.0,10.0
Cameron Ward,QB,2,12.0,14.0,-6.5,7.5
Cameron Ward,QB,3,13.0,10.0,4.0,14.0
Cameron Ward,QB,4,4.0,9.67,-4.0,5.67
Cameron Ward,QB,5,8.0,8.33,-2.5,5.83
Cameron Ward,QB,6,10.0,7.33,3.0,10.33
Cameron Ward,QB,7,13.0,10.33,2.5,12.83
Cameron Ward,QB,8,14.0,12.33,2.0,14.33
Cameron Ward,QB,9,5.0,10.67,-4.0,6.67
Carson Wentz,QB,5,16.0,19.67,-1.0,18.67
Carson Wentz,QB,7,10.0,17.0,-7.5,9.5
Carson Wentz,QB,8,9.0,11.67,-3.5,8.17
Cartavious Bigsby,RB,11,3.0,1.33,1.0,2.33
Cartavious Bigsby,RB,12,0.0,1.0,0.0,1.0
Cartavious Bigsby,RB,7,2.0,1.67,-0.5,1.17
Cartavious Bigsby,RB,8,10.0,4.0,5.0,9.0
Casey Washington,WR,7,2.0,3.33,-2.0,1.33
Casey Washington,WR,8,3.0,2.33,0.5,2.83
Cedric Tillman,WR,11,8.0,9.0,-4.0,5.0
Cedric Tillman,WR,12,1.0,4.0,-1.0,3.0
Cedric Tillman,WR,2,10.0,6.33,1.0,7.33
Cedric Tillman,WR,3,5.0,5.33,2.0,7.33
Cedric Tillman,WR,4,1.0,5.33,-4.5,0.83
Cedrick Wilson,WR,9,1.0,1.33,-0.5,0.83
CeeDee Lamb,WR,12,11.0,15.33,-3.5,11.83
CeeDee Lamb,WR,13,24.0,17.33,3.5,20.83
CeeDee Lamb,WR,2,20.0,18.33,4.5,22.83
CeeDee Lamb,WR,7,22.0,22.0,-1.0,21.0
CeeDee Lamb,WR,8,14.0,18.67,-3.0,15.67
CeeDee Lamb,WR,9,15.0,17.0,-3.5,13.5
Charlie Kolar,TE,3,4.0,3.0,0.5,3.5
Charlie Kolar,TE,5,2.0,2.67,0.0,2.67
Charlie Kolar,TE,8,8.0,4.67,2.0,6.67
Charlie Kolar,TE,9,10.0,6.67,4.0,10.67
Charlie Woerner,TE,3,1.0,2.67,-0.5,2.17
Chase Brown,RB,12,14.0,14.33,1.0,15.33
Chase Brown,RB,13,17.0,16.0,0.0,16.0
Chase Brown,RB,2,7.0,12.67,-3.5,9.17
Chase Brown,RB,3,5.0,9.67,-6.0,3.67
Chase Brown,RB,4,10.0,7.33,1.5,8.83
Chase Brown,RB,5,11.0,8.67,3.0,11.67
Chase Brown,RB,6,8.0,9.67,-1.0,8.67
Chase Brown,RB,7,12.0,10.33,0.5,10.83
Chase Brown,RB,8,25.0,15.0,8.5,23.5
Chase Brown,RB,9,18.0,18.33,3.0,21.33
Chatarius Atwell,WR,5,9.0,8.33,4.0,12.33
Chigoziem Okonkwo,TE,12,7.0,6.33,1.5,7.83
Chigoziem Okonkwo,TE,13,6.0,7.0,-1.0,6.0
Chigoziem Okonkwo,TE,2,7.0,6.67,0.0,6.67
Chigoziem Okonkwo,TE,3,11.0,8.0,2.5,10.5
Chigoziem Okonkwo,TE,4,1.0,6.33,-3.0,3.33
Chigoziem Okonkwo,TE,5,8.0,6.67,-1.5,5.17
Chigoziem Okonkwo,TE,6,10.0,6.33,4.5,10.83
Chigoziem Okonkwo,TE,8,9.0,9.0,0.5,9.5
Chigoziem Okonkwo,TE,9,3.0,7.33,-3.5,3.83
Chimere Dike,WR,12,15.0,6.0,7.5,13.5
Chimere Dike,WR,13,0.0,6.0,-1.5,4.5
Chimere Dike,WR,2,2.0,5.67,-6.5,-0.83
Chimere Dike,WR,3,3.0,1.67,1.5,3.17
Chimere Dike,WR,4,0.0,1.67,-1.0,0.67
Chimere Dike,WR,5,3.0,2.0,0.0,2.0
Chimere Dike,WR,6,2.0,1.67,1.0,2.67
Chimere Dike,WR,7,17.0,7.33,7.0,14.33
Chimere Dike,WR,8,16.0,11.67,7.0,18.67
Chimere Dike,WR,9,1.0,11.33,-8.0,3.33
Chris Godwin,WR,4,5.0,5.67,1.5,7.17
Chris Godwin,WR,5,5.0,6.67,-2.5,4.17
Chris Moore,WR,3,4.0,4.0,0.0,4.0
Chris Moore,WR,4,0.0,2.67,-2.0,0.67
Chris Moore,WR,6,13.0,5.67,4.5,10.17
Chris Moore,WR,7,7.0,6.67,3.5,10.17
Chris Olave,WR,12,16.0,16.33,2.0,18.33
Chris Olave,WR,13,14.0,17.0,-3.5,13.5
Chris Olave,WR,2,11.0,13.67,-2.5,11.17
Chris Olave,WR,3,15.0,13.33,0.5,13.83
Chris Olave,WR,4,9.0,11.67,-1.0,10.67
Chris Olave,WR,5,12.0,12.0,-1.5,10.5
Chris Olave,WR,6,15.0,12.0,3.0,15.0
Chris Olave,WR,7,26.0,17.67,7.0,24.67
Chris Olave,WR,8,14.0,18.33,-0.5,17.83
Chris Olave,WR,9,8.0,16.0,-9.0,7.0
Christian Kirk,WR,12,16.0,6.0,7.5,13.5
Christian Kirk,WR,3,5.0,7.33,2.0,9.33
Christian Kirk,WR,4,5.0,8.67,-5.5,3.17
Christian Kirk,WR,5,10.0,6.67,2.5,9.17
Christian Kirk,WR,9,6.0,7.0,0.5,7.5
Christian McCaffrey,RB,11,35.0,24.67,6.5,31.17
Christian McCaffrey,RB,12,26.0,26.0,4.5,30.5
Christian McCaffrey,RB,13,17.0,26.0,-9.0,17.0
Christian McCaffrey,RB,2,22.0,21.67,-2.0,19.67
Christian McCaffrey,RB,3,23.0,20.67,3.0,23.67
Christian McCaffrey,RB,4,25.0,23.33,1.5,24.83
Christian McCaffrey,RB,5,27.0,25.0,2.0,27.0
Christian McCaffrey,RB,6,23.0,25.0,-1.0,24.0
Christian McCaffrey,RB,7,38.0,29.33,5.5,34.83
Christian McCaffrey,RB,8,9.0,23.33,-7.0,16.33
Christian McCaffrey,RB,9,33.0,26.67,-2.5,24.17
Christian Watson,WR,12,9.0,11.67,1.5,13.17
Christian Watson,WR,13,18.0,15.67,-1.0,14.67
Christian Watson,WR,8,12.0,13.0,1.5,14.5
Christian Watson,WR,9,7.0,12.33,-5.5,6.83
Christopher Brooks,RB,12,3.0,1.33,1.0,2.33
Christopher Brooks,RB,13,2.0,1.67,1.0,2.67
Christopher Brooks,RB,2,5.0,3.33,1.0,4.33
Christopher Brooks,RB,4,1.0,2.67,-0.5,2.17
Christopher Brooks,RB,6,0.0,2.0,-2.5,-0.5
Christopher Brooks,RB,9,4.0,1.67,1.5,3.17
Christopher Rodriguez,RB,13,10.0,8.33,1.5,9.83
Christopher Rodriguez,RB,3,3.0,7.0,-2.5,4.5
Christopher Rodriguez,RB,4,5.0,6.0,-2.5,3.5
Christopher Rodriguez,RB,5,0.0,2.67,-1.5,1.17
Christopher Rodriguez,RB,7,7.0,4.0,1.0,5.0
Christopher Rodriguez,RB,8,0.0,2.33,0.0,2.33
Christopher Rodriguez,RB,9,12.0,6.33,2.5,8.83
Chuba Hubbard,RB,11,3.0,7.33,-7.0,0.33
Chuba Hubbard,RB,12,7.0,4.0,2.5,6.5
Chuba Hubbard,RB,13,20.0,10.0,8.5,18.5
Chuba Hubbard,RB,2,17.0,14.67,5.0,19.67
Chuba Hubbard,RB,3,9.0,15.33,-5.5,9.83
Chuba Hubbard,RB,4,9.0,11.67,-4.0,7.67
Chuba Hubbard,RB,7,7.0,8.33,-1.0,7.33
Chuba Hubbard,RB,8,9.0,8.33,0.0,8.33
Chuba Hubbard,RB,9,1.0,5.67,-3.0,2.67
Colby Parkinson,TE,11,9.0,8.0,4.0,12.0
Colby Parkinson,TE,12,14.0,12.33,0.0,12.33
Colby Parkinson,TE,13,6.0,9.67,-1.5,8.17
Colby Parkinson,TE,4,3.0,7.67,-5.5,2.17
Colby Parkinson,TE,7,7.0,5.33,0.5,5.83
Colby Parkinson,TE,9,3.0,4.33,0.0,4.33
Cole Kmet,TE,11,9.0,4.67,2.5,7.17
Cole Kmet,TE,12,1.0,3.67,0.0,3.67
Cole Kmet,TE,13,12.0,7.33,1.5,8.83
Cole Kmet,TE,2,4.0,5.67,1.5,7.17
Cole Kmet,TE,3,8.0,8.0,-2.0,6.0
Cole Kmet,TE,4,7.0,6.33,1.5,7.83
Cole Kmet,TE,6,1.0,5.33,-3.5,1.83
Cole Kmet,TE,7,2.0,3.33,-2.5,0.83
Cole Kmet,TE,9,2.0,1.67,0.5,2.17
Colston Loveland,TE,11,7.0,6.33,2.0,8.33
Colston Loveland,TE,12,14.0,10.0,2.5,12.5
Colston Loveland,TE,13,5.0,8.67,-1.0,7.67
Colston Loveland,TE,3,4.0,7.67,-5.0,2.67
Colston Loveland,TE,6,3.0,4.0,-1.0,3.0
Colston Loveland,TE,7,5.0,4.0,0.5,4.5
Colston Loveland,TE,8,6.0,4.67,1.5,6.17
Colston Loveland,TE,9,29.0,13.33,12.0,25.33
Connor Heyward,TE,2,1.0,0.33,0.5,0.83
Connor Heyward,TE,4,0.0,0.33,0.0,0.33
Connor Heyward,TE,6,8.0,3.0,3.5,6.5
Connor Heyward,TE,9,0.0,2.67,0.0,2.67
Cooper Kupp,WR,11,5.0,5.67,1.0,6.67
Cooper Kupp,WR,12,4.0,6.0,-2.5,3.5
Cooper Kupp,WR,13,5.0,4.67,0.0,4.67
Cooper Kupp,WR,2,16.0,8.33,6.0,14.33
Cooper Kupp,WR,3,5.0,8.67,0.0,8.67
Cooper Kupp,WR,4,6.0,9.0,-5.0,4.0
Cooper Kupp,WR,5,11.0,7.33,3.0,10.33
Cooper Kupp,WR,6,12.0,9.67,3.0,12.67
Cooper Kupp,WR,7,2.0,8.33,-4.5,3.83
Cooper Rush,QB,5,1.0,1.0,0.5,1.5
Cooper Rush,QB,6,-1.0,0.67,-1.5,-0.83
Courtland Sutton,WR,11,9.0,10.67,-4.5,6.17
Courtland Sutton,WR,13,17.0,10.33,6.0,16.33
Courtland Sutton,WR,2,1.0,9.0,-4.0,5.0
Courtland Sutton,WR,3,23.0,13.67,3.0,16.67
Courtland Sutton,WR,4,19.0,14.33,9.0,23.33
Courtland Sutton,WR,5,17.0,19.67,-3.0,16.67
Courtland Sutton,WR,6,2.0,12.67,-8.5,4.17
Courtland Sutton,WR,7,16.0,11.67,-0.5,11.17
Courtland Sutton,WR,8,10.0,9.33,4.0,13.33
Courtland Sutton,WR,9,10.0,12.0,-3.0,9.0
Curtis Samuel,WR,4,1.0,2.33,-1.0,1.33
Curtis Samuel,WR,5,10.0,4.67,3.5,8.17
Curtis Samuel,WR,9,1.0,4.0,0.0,4.0
D'Andre Swift,RB,11,9.0,10.67,0.0,10.67
D'Andre Swift,RB,12,2.0,8.33,-6.0,2.33
D'Andre Swift,RB,13,20.0,10.33,5.5,15.83
D'Andre Swift,RB,2,14.0,12.0,6.0,18.0
D'Andre Swift,RB,3,10.0,14.67,-5.0,9.67
D'Andre Swift,RB,4,15.0,13.0,0.5,13.5
D'Andre Swift,RB,6,24.0,16.33,7.0,23.33
D'Andre Swift,RB,7,20.0,19.67,2.5,22.17
D'Andre Swift,RB,8,14.0,19.33,-5.0,14.33
D'Ernest Johnson,RB,7,0.0,0.0,0.0,0.0
D'Wayne Eskridge,WR,7,5.0,2.33,2.0,4.33
D.J. Moore,WR,12,23.0,11.0,7.5,18.5
D.J. Moore,WR,13,4.0,9.67,1.0,10.67
D.J. Moore,WR,2,9.0,12.0,-7.0,5.0
D.J. Moore,WR,3,12.0,8.33,4.0,12.33
D.J. Moore,WR,4,7.0,9.33,-1.0,8.33
D.J. Moore,WR,6,8.0,9.0,-2.0,7.0
D.J. Moore,WR,7,7.0,7.33,0.0,7.33
D.J. Moore,WR,8,11.0,8.67,1.5,10.17
D.J. Moore,WR,9,24.0,14.0,8.5,22.5
D.K. Metcalf,WR,11,9.0,9.0,-1.5,7.5
D.K. Metcalf,WR,12,14.0,9.67,4.0,13.67
D.K. Metcalf,WR,13,6.0,9.67,-1.5,8.17
D.K. Metcalf,WR,2,11.0,10.33,-1.5,8.83
D.K. Metcalf,WR,3,12.0,9.67,3.0,12.67
D.K. Metcalf,WR,4,23.0,15.33,6.0,21.33
D.K. Metcalf,WR,6,19.0,18.0,3.5,21.5
D.K. Metcalf,WR,7,8.0,16.67,-7.5,9.17
D.K. Metcalf,WR,8,16.0,14.33,-1.5,12.83
D.K. Metcalf,WR,9,2.0,8.67,-3.0,5.67
DJ Giddens,RB,5,2.0,2.0,-1.0,1.0
Dak Prescott,QB,12,30.0,23.33,11.5,34.83
Dak Prescott,QB,13,24.0,29.0,-4.5,24.5
Dak Prescott,QB,2,25.0,26.33,-2.5,23.83
Dak Prescott,QB,3,14.0,21.0,-5.0,16.0
Dak Prescott,QB,4,36.0,25.0,5.5,30.5
Dak Prescott,QB,5,35.0,28.33,10.5,38.83
Dak Prescott,QB,6,28.0,33.0,-4.0,29.0
Dak Prescott,QB,7,28.0,30.33,-3.5,26.83
Dak Prescott,QB,8,6.0,20.67,-11.0,9.67
Dak Prescott,QB,9,17.0,17.0,-5.5,11.5
Dallas Goedert,TE,11,4.0,7.67,-3.5,4.17
Dallas Goedert,TE,12,4.0,5.33,-2.0,3.33
Dallas Goedert,TE,13,4.0,4.0,0.0,4.0
Dallas Goedert,TE,3,10.0,6.0,3.0,9.0
Dallas Goedert,TE,4,19.0,11.0,7.5,18.5
Dallas Goedert,TE,5,10.0,13.0,0.0,13.0
Dallas Goedert,TE,6,26.0,18.33,3.5,21.83
Dallas Goedert,TE,7,4.0,13.33,-3.0,10.33
Dallas Goedert,TE,8,17.0,15.67,-4.5,11.17
Dalton Kincaid,TE,2,7.0,8.67,-3.5,5.17
Dalton Kincaid,TE,3,17.0,9.67,6.0,15.67
Dalton Kincaid,TE,4,9.0,11.0,1.0,12.0
Dalton Kincaid,TE,5,16.0,14.0,-0.5,13.5
Dalton Kincaid,TE,8,3.0,9.33,-3.0,6.33
Dalton Kincaid,TE,9,22.0,13.67,3.0,16.67
Dalton Schultz,TE,11,11.0,11.33,3.0,14.33
Dalton Schultz,TE,12,1.0,10.0,-8.5,1.5
Dalton Schultz,TE,13,12.0,8.0,0.5,8.5
Dalton Schultz,TE,2,5.0,6.0,2.0,8.0
Dalton Schultz,TE,3,8.0,8.33,-2.0,6.33
Dalton Schultz,TE,4,8.0,7.0,1.5,8.5
Dalton Schultz,TE,5,11.0,9.0,1.5,10.5
Dalton Schultz,TE,7,18.0,12.33,5.0,17.33
Dalton Schultz,TE,8,4.0,11.0,-3.5,7.5
Dalton Schultz,TE,9,13.0,11.67,-2.5,9.17
Daniel Bellinger,TE,3,1.0,1.33,-0.5,0.83
Daniel Bellinger,TE,4,2.0,1.33,0.5,1.83
Daniel Bellinger,TE,5,9.0,4.0,4.0,8.0
Daniel Bellinger,TE,7,17.0,9.33,7.5,16.83
Daniel Bellinger,TE,8,3.0,9.67,-3.0,6.67
Daniel Jones,QB,12,20.0,22.67,-5.0,17.67
Daniel Jones,QB,13,20.0,19.33,1.0,20.33
Daniel Jones,QB,2,24.0,21.33,2.0,23.33
Daniel Jones,QB,3,17.0,20.33,-1.5,18.83
Daniel Jones,QB,4,12.0,17.67,-6.0,11.67
Daniel Jones,QB,5,20.0,16.33,1.5,17.83
Daniel Jones,QB,6,26.0,19.33,7.0,26.33
Daniel Jones,QB,7,25.0,23.67,2.5,26.17
Daniel Jones,QB,8,28.0,26.33,1.0,27.33
Daniel Jones,QB,9,17.0,23.33,-4.0,19.33
Dare Ogunbowale,RB,8,1.0,1.33,-0.5,0.83
Dare Ogunbowale,RB,9,1.0,1.0,0.0,1.0
Darius Slayton,WR,13,14.0,9.67,1.0,10.67
Darius Slayton,WR,2,8.0,8.33,2.5,10.83
Darius Slayton,WR,3,7.0,9.67,-3.5,6.17
Darius Slayton,WR,4,7.0,7.33,-0.5,6.83
Darius Slayton,WR,5,5.0,6.33,-1.0,5.33
Darius Slayton,WR,8,4.0,5.33,-1.5,3.83
Darius Slayton,WR,9,11.0,6.67,3.0,9.67
Darnell Mooney,WR,12,16.0,8.0,7.0,15.0
Darnell Mooney,WR,13,4.0,8.67,-1.0,7.67
Darnell Mooney,WR,2,4.0,8.0,-6.0,2.0
Darnell Mooney,WR,3,8.0,5.33,2.0,7.33
Darnell Mooney,WR,4,2.0,4.67,-1.0,3.67
Darnell Mooney,WR,7,9.0,6.33,0.5,6.83
Darnell Mooney,WR,8,2.0,4.33,0.0,4.33
Darnell Mooney,WR,9,2.0,4.33,-3.5,0.83
Darnell Washington,TE,12,4.0,5.33,1.0,6.33
Darnell Washington,TE,13,6.0,6.67,-2.0,4.67
Darnell Washington,TE,2,2.0,4.0,-1.0,3.0
Darnell Washington,TE,4,5.0,4.33,-0.5,3.83
Darnell Washington,TE,6,9.0,5.33,3.5,8.83
Darnell Washington,TE,7,9.0,7.67,2.0,9.67
Darnell Washington,TE,9,8.0,8.67,-0.5,8.17
Darren Waller,TE,5,18.0,13.67,6.0,19.67
Darren Waller,TE,6,9.0,14.67,-4.0,10.67
Davante Adams,WR,11,7.0,11.67,-1.0,10.67
Davante Adams,WR,12,23.0,16.33,2.0,18.33
Davante Adams,WR,13,21.0,17.0,7.0,24.0
Davante Adams,WR,2,22.0,22.0,-0.5,21.5
Davante Adams,WR,3,14.0,19.0,-3.5,15.5
Davante Adams,WR,4,15.0,17.0,-3.5,13.5
Davante Adams,WR,5,13.0,14.0,-0.5,13.5
Davante Adams,WR,6,7.0,11.67,-4.0,7.67
Davante Adams,WR,7,26.0,15.33,6.5,21.83
Davante Adams,WR,9,23.0,18.67,8.0,26.67
David Montgomery,RB,11,4.0,7.0,-1.5,5.5
David Montgomery,RB,12,5.0,6.33,-2.5,3.83
David Montgomery,RB,13,12.0,7.0,4.0,11.0
David Montgomery,RB,2,12.0,9.67,3.5,13.17
David Montgomery,RB,3,29.0,17.67,8.5,26.17
David Montgomery,RB,4,1.0,14.0,-5.5,8.5
David Montgomery,RB,5,19.0,16.33,-5.0,11.33
David Montgomery,RB,6,7.0,9.0,3.0,12.0
David Montgomery,RB,7,5.0,10.33,-7.0,3.33
David Montgomery,RB,9,12.0,8.0,2.5,10.5
David Njoku,TE,11,1.0,5.67,-2.5,3.17
David Njoku,TE,13,2.0,4.33,-4.0,0.33
David Njoku,TE,2,8.0,3.67,3.5,7.17
David Njoku,TE,3,9.0,6.33,3.5,9.83
David Njoku,TE,4,3.0,6.67,-2.5,4.17
David Njoku,TE,5,18.0,10.0,4.5,14.5
David Njoku,TE,6,5.0,8.67,1.0,9.67
David Njoku,TE,8,13.0,12.0,-2.5,9.5
David Sills,WR,13,9.0,6.67,3.5,10.17
David Sills,WR,3,1.0,6.33,-4.0,2.33
David Sills,WR,8,3.0,4.33,-3.0,1.33
Davis Allen,TE,12,5.0,7.0,-1.5,5.5
Davis Allen,TE,13,1.0,4.67,-3.5,1.17
Davis Allen,TE,2,7.0,4.33,1.0,5.33
Davis Allen,TE,3,1.0,3.0,0.0,3.0
Davis Allen,TE,4,1.0,3.0,-3.0,0.0
Davis Allen,TE,5,4.0,2.0,1.5,3.5
Davis Allen,TE,6,1.0,2.0,0.0,2.0
Davis Allen,TE,7,1.0,2.0,-1.5,0.5
Davis Allen,TE,9,6.0,2.67,2.5,5.17
Davis Mills,QB,12,18.0,22.0,-6.5,15.5
Davis Mills,QB,5,0.0,11.67,-8.5,3.17
Davis Mills,QB,9,5.0,7.67,-6.5,1.17
Dawson Knox,TE,11,3.0,4.33,-0.5,3.83
Dawson Knox,TE,12,4.0,4.33,-1.0,3.33
Dawson Knox,TE,13,5.0,4.0,1.0,5.0
Dawson Knox,TE,2,3.0,4.0,-0.5,3.5
Dawson Knox,TE,5,3.0,3.67,-1.0,2.67
Dawson Knox,TE,6,8.0,4.67,2.5,7.17
Dawson Knox,TE,8,2.0,4.33,-0.5,3.83
Dawson Knox,TE,9,4.0,4.67,-2.0,2.67
De'Von Achane,RB,11,21.0,25.67,2.5,28.17
De'Von Achane,RB,13,19.0,26.67,-10.5,16.17
De'Von Achane,RB,2,26.0,22.0,2.5,24.5
De'Von Achane,RB,3,15.0,20.0,-2.0,18.0
De'Von Achane,RB,4,16.0,19.0,-5.0,14.0
De'Von Achane,RB,5,16.0,15.67,0.5,16.17
De'Von Achane,RB,6,30.0,20.67,7.0,27.67
De'Von Achane,RB,7,12.0,19.33,-2.0,17.33
De'Von Achane,RB,8,19.0,20.33,-5.5,14.83
De'Von Achane,RB,9,15.0,15.33,1.5,16.83
DeAndre Hopkins,WR,11,2.0,5.33,-4.5,0.83
DeAndre Hopkins,WR,12,3.0,2.67,0.0,2.67
DeAndre Hopkins,WR,13,4.0,3.0,1.0,4.0
DeAndre Hopkins,WR,2,14.0,7.0,5.5,12.5
DeAndre Hopkins,WR,3,2.0,6.67,-1.0,5.67
DeAndre Hopkins,WR,5,6.0,7.33,-4.0,3.33
DeAndre Hopkins,WR,6,4.0,4.0,1.0,5.0
DeAndre Hopkins,WR,8,2.0,4.0,-2.0,2.0
DeVonta Smith,WR,11,1.0,7.0,-1.5,5.5
DeVonta Smith,WR,12,14.0,10.33,-1.0,9.33
DeVonta Smith,WR,13,9.0,8.0,4.0,12.0
DeVonta Smith,WR,2,9.0,10.67,-2.5,8.17
DeVonta Smith,WR,3,20.0,12.67,5.5,18.17
DeVonta Smith,WR,4,4.0,11.0,-2.5,8.5
DeVonta Smith,WR,5,19.0,14.33,-0.5,13.83
DeVonta Smith,WR,6,8.0,10.33,2.0,12.33
DeVonta Smith,WR,7,33.0,20.0,7.0,27.0
DeVonta Smith,WR,8,14.0,18.33,3.0,21.33
Deebo Samuel,WR,11,20.0,17.67,-0.5,17.17
Deebo Samuel,WR,13,11.0,14.33,-0.5,13.83
Deebo Samuel,WR,2,17.0,16.0,-1.5,14.5
Deebo Samuel,WR,3,4.0,10.67,-3.5,7.17
Deebo Samuel,WR,4,19.0,13.33,1.0,14.33
Deebo Samuel,WR,5,23.0,15.33,9.5,24.83
Deebo Samuel,WR,6,5.0,15.67,-7.0,8.67
Deebo Samuel,WR,8,4.0,10.67,-9.5,1.17
Deebo Samuel,WR,9,9.0,6.0,2.0,8.0
Demarcus Robinson,WR,12,1.0,3.0,-2.5,0.5
Demarcus Robinson,WR,13,0.0,1.0,-1.0,0.0
Demarcus Robinson,WR,4,3.0,1.33,1.0,2.33
Demarcus Robinson,WR,5,6.0,3.0,3.0,6.0
Demarcus Robinson,WR,6,6.0,5.0,1.5,6.5
Demarcus Robinson,WR,8,4.0,5.33,-1.0,4.33
Demario Douglas,WR,11,6.0,6.33,-1.0,5.33
Demario Douglas,WR,12,5.0,5.33,0.0,5.33
Demario Douglas,WR,13,6.0,5.67,0.0,5.67
Demario Douglas,WR,2,1.0,4.0,-2.0,2.0
Demario Douglas,WR,3,2.0,3.0,-2.0,1.0
Demario Douglas,WR,5,3.0,2.0,1.0,3.0
Demario Douglas,WR,6,16.0,7.0,7.0,14.0
Demario Douglas,WR,7,4.0,7.67,0.5,8.17
Demario Douglas,WR,8,5.0,8.33,-5.5,2.83
Demario Douglas,WR,9,20.0,9.67,8.0,17.67
Derius Davis,WR,3,-1.0,0.0,-0.5,-0.5
Derrick Henry,RB,11,19.0,19.33,-5.0,14.33
Derrick Henry,RB,12,22.0,17.0,6.0,23.0
Derrick Henry,RB,13,17.0,19.33,-1.0,18.33
Derrick Henry,RB,2,2.0,13.67,-10.0,3.67
Derrick Henry,RB,3,11.0,10.0,-3.0,7.0
Derrick Henry,RB,4,7.0,6.67,2.5,9.17
Derrick Henry,RB,5,9.0,9.0,-1.0,8.0
Derrick Henry,RB,6,13.0,9.67,3.0,12.67
Derrick Henry,RB,8,19.0,13.67,5.0,18.67
Derrick Henry,RB,9,12.0,14.67,-0.5,14.17
Devaughn Vele,WR,12,6.0,3.33,2.0,5.33
Devaughn Vele,WR,13,23.0,10.33,10.5,20.83
Devaughn Vele,WR,2,7.0,12.0,0.5,12.5
Devaughn Vele,WR,5,3.0,11.0,-10.0,1.0
Devaughn Vele,WR,8,2.0,4.0,-2.5,1.5
Devin Neal,RB,12,10.0,5.0,5.0,10.0
Devin Neal,RB,13,9.0,8.0,2.0,10.0
Devin Neal,RB,7,0.0,6.33,-5.0,1.33
Devin Neal,RB,8,4.0,4.33,-2.5,1.83
Devin Neal,RB,9,2.0,2.0,1.0,3.0
Devin Singletary,RB,11,17.0,9.0,8.5,17.5
Devin Singletary,RB,12,4.0,10.33,-3.0,7.33
Devin Singletary,RB,13,18.0,13.0,0.5,13.5
Devin Singletary,RB,2,1.0,7.67,-1.5,6.17
Devin Singletary,RB,3,1.0,6.67,-8.5,-1.83
Devin Singletary,RB,4,2.0,1.33,0.5,1.83
Devin Singletary,RB,5,3.0,2.0,1.0,3.0
Devin Singletary,RB,6,1.0,2.0,-0.5,1.5
Devin Singletary,RB,7,0.0,1.33,-1.5,-0.17
Devin Singletary,RB,8,3.0,1.33,1.0,2.33
Devin Singletary,RB,9,6.0,3.0,3.0,6.0
Devontez Walker,WR,3,4.0,8.0,0.0,8.0
Dillon Gabriel,QB,13,0.0,8.33,-11.5,-3.17
Dillon Gabriel,QB,2,6.0,2.67,2.0,4.67
Dillon Gabriel,QB,4,0.0,2.0,0.0,2.0
Dillon Gabriel,QB,5,19.0,8.33,6.5,14.83
Dillon Gabriel,QB,6,8.0,9.0,4.0,13.0
Dillon Gabriel,QB,7,5.0,10.67,-7.0,3.67
Dillon Gabriel,QB,8,15.0,9.33,3.5,12.83
Dont'e Thornton,WR,12,2.0,3.0,-2.0,1.0
Dont'e Thornton,WR,13,2.0,1.67,0.5,2.17
Dont'e Thornton,WR,2,3.0,2.33,0.5,2.83
Dont'e Thornton,WR,3,4.0,3.0,1.0,4.0
Dontayvion Wicks,WR,11,1.0,4.33,-2.0,2.33
Dontayvion Wicks,WR,12,5.0,4.33,-1.0,3.33
Dontayvion Wicks,WR,13,27.0,11.0,13.0,24.0
Dontayvion Wicks,WR,2,8.0,13.33,1.5,14.83
Dontayvion Wicks,WR,3,4.0,13.0,-11.5,1.5
Dontayvion Wicks,WR,4,3.0,5.0,-2.5,2.5
Dontayvion Wicks,WR,6,3.0,3.33,-0.5,2.83
Dontayvion Wicks,WR,7,1.0,2.33,-1.0,1.33
Drake London,WR,11,18.0,18.33,2.5,20.83
Drake London,WR,2,6.0,16.0,-9.0,7.0
Drake London,WR,3,10.0,11.33,-4.0,7.33
Drake London,WR,4,25.0,13.67,9.5,23.17
Drake London,WR,6,31.0,22.0,10.5,32.5
Drake London,WR,7,8.0,21.33,-8.5,12.83
Drake London,WR,9,38.0,25.67,3.5,29.17
Drake Maye,QB,11,17.0,18.33,0.0,18.33
Drake Maye,QB,12,17.0,18.33,-2.0,16.33
Drake Maye,QB,13,24.0,19.33,3.5,22.83
Drake Maye,QB,2,30.0,23.67,6.5,30.17
Drake Maye,QB,3,23.0,25.67,-0.5,25.17
Drake Maye,QB,4,27.0,26.67,-1.5,25.17
Drake Maye,QB,5,11.0,20.33,-6.0,14.33
Drake Maye,QB,6,32.0,23.33,2.5,25.83
Drake Maye,QB,7,26.0,23.0,7.5,30.5
Drake Maye,QB,8,32.0,30.0,0.0,30.0
Drake Maye,QB,9,21.0,26.33,-2.5,23.83
Drew Sample,TE,2,1.0,1.33,0.0,1.33
Drew Sample,TE,3,10.0,4.33,4.0,8.33
Drew Sample,TE,5,1.0,4.0,0.0,4.0
Drew Sample,TE,6,1.0,4.0,-4.5,-0.5
Dyami Brown,WR,3,2.0,8.67,-3.0,5.67
Dyami Brown,WR,5,3.0,7.0,-6.5,0.5
Dyami Brown,WR,6,3.0,2.67,0.5,3.17
Dyami Brown,WR,7,7.0,4.33,2.0,6.33
Dyami Brown,WR,9,5.0,5.0,1.0,6.0
Dylan Laube,RB,7,1.0,1.33,-1.0,0.33
Dylan Sampson,RB,11,1.0,6.0,-7.5,-1.5
Dylan Sampson,RB,12,15.0,5.67,7.0,12.67
Dylan Sampson,RB,13,2.0,6.0,0.5,6.5
Dylan Sampson,RB,2,10.0,9.0,-2.5,6.5
Dylan Sampson,RB,3,0.0,4.0,-1.0,3.0
Dylan Sampson,RB,4,0.0,3.33,-5.0,-1.67
Dylan Sampson,RB,5,1.0,0.33,0.5,0.83
Dylan Sampson,RB,6,4.0,1.67,2.0,3.67
Dylan Sampson,RB,7,1.0,2.0,0.0,2.0
Dylan Sampson,RB,8,7.0,4.0,1.5,5.5
Elic Ayomanor,WR,13,1.0,2.33,-1.0,1.33
Elic Ayomanor,WR,2,15.0,6.33,6.0,12.33
Elic Ayomanor,WR,3,13.0,9.67,6.0,15.67
Elic Ayomanor,WR,4,6.0,11.33,-4.5,6.83
Elic Ayomanor,WR,5,3.0,7.33,-5.0,2.33
Elic Ayomanor,WR,6,5.0,4.67,-0.5,4.17
Elic Ayomanor,WR,7,4.0,4.0,0.5,4.5
Elic Ayomanor,WR,8,9.0,6.0,2.0,8.0
Elic Ayomanor,WR,9,7.0,6.67,1.5,8.17
Elijah Arroyo,TE,12,1.0,1.0,0.0,1.0
Elijah Arroyo,TE,2,5.0,2.33,2.0,4.33
Elijah Arroyo,TE,4,6.0,4.0,2.5,6.5
Elijah Arroyo,TE,5,2.0,4.33,-1.5,2.83
Elijah Arroyo,TE,6,1.0,3.0,-2.5,0.5
Elijah Arroyo,TE,7,7.0,3.33,2.5,5.83
Elijah Arroyo,TE,9,10.0,6.0,4.5,10.5
Elijah Higgins,TE,11,2.0,2.0,0.5,2.5
Elijah Higgins,TE,13,3.0,2.67,0.0,2.67
Elijah Higgins,TE,2,6.0,3.67,2.0,5.67
Elijah Higgins,TE,3,1.0,3.33,-1.0,2.33
Elijah Higgins,TE,5,3.0,3.33,-1.5,1.83
Elijah Higgins,TE,6,5.0,3.0,2.0,5.0
Elijah Higgins,TE,7,1.0,3.0,-1.0,2.0
Elijah Higgins,TE,9,6.0,4.0,0.5,4.5
Elijah Moore,WR,12,1.0,1.33,0.0,1.33
Elijah Moore,WR,2,10.0,4.33,4.0,8.33
Elijah Moore,WR,3,6.0,5.67,2.5,8.17
Elijah Moore,WR,4,0.0,5.33,-5.0,0.33
Elijah Moore,WR,8,2.0,2.67,-2.0,0.67
Elijah Moore,WR,9,3.0,1.67,1.5,3.17
Emanuel Wilson,RB,11,13.0,4.67,6.5,11.17
Emanuel Wilson,RB,12,25.0,13.0,12.0,25.0
Emanuel Wilson,RB,13,1.0,13.0,-6.0,7.0
Emanuel Wilson,RB,3,2.0,9.33,-11.5,-2.17
Emanuel Wilson,RB,4,10.0,4.33,4.5,8.83
Emanuel Wilson,RB,6,2.0,4.67,0.0,4.67
Emanuel Wilson,RB,7,2.0,4.67,-4.0,0.67
Emanuel Wilson,RB,8,11.0,5.0,4.5,9.5
Emanuel Wilson,RB,9,2.0,5.0,0.0,5.0
Emari Demercado,RB,3,0.0,5.33,-6.5,-1.17
Emari Demercado,RB,4,9.0,4.0,3.0,7.0
Emari Demercado,RB,5,7.0,5.33,3.5,8.83
Emari Demercado,RB,6,0.0,5.33,-4.5,0.83
Emari Demercado,RB,9,8.0,5.0,0.5,5.5
Emeka Egbuka,WR,11,9.0,18.0,-6.5,11.5
Emeka Egbuka,WR,12,6.0,12.67,-8.5,4.17
Emeka Egbuka,WR,13,8.0,7.67,-0.5,7.17
Emeka Egbuka,WR,2,12.0,8.67,3.0,11.67
Emeka Egbuka,WR,3,14.0,11.33,3.0,14.33
Emeka Egbuka,WR,4,20.0,15.33,4.0,19.33
Emeka Egbuka,WR,5,31.0,21.67,8.5,30.17
Emeka Egbuka,WR,6,4.0,18.33,-8.0,10.33
Emeka Egbuka,WR,7,9.0,14.67,-11.0,3.67
Emeka Egbuka,WR,8,6.0,6.33,1.0,7.33
Evan Engram,TE,11,7.0,5.0,1.0,6.0
Evan Engram,TE,13,13.0,7.67,5.0,12.67
Evan Engram,TE,2,2.0,7.33,-2.5,4.83
Evan Engram,TE,4,6.0,7.0,-3.5,3.5
Evan Engram,TE,5,13.0,7.0,5.5,12.5
Evan Engram,TE,6,9.0,9.33,1.5,10.83
Evan Engram,TE,7,9.0,10.33,-2.0,8.33
Evan Engram,TE,8,7.0,8.33,-1.0,7.33
Foster Moreau,TE,6,1.0,2.33,-1.0,1.33
Gabriel Davis,WR,13,1.0,3.67,-3.0,0.67
Gage Larvadain,WR,8,0.0,2.33,-1.5,0.83
Garrett Wilson,WR,3,24.0,18.33,1.0,19.33
Garrett Wilson,WR,4,20.0,17.67,5.5,23.17
Garrett Wilson,WR,5,19.0,21.0,-2.5,18.5
Garrett Wilson,WR,6,4.0,14.33,-8.0,6.33
Geno Smith,QB,11,14.0,12.0,-2.5,9.5
Geno Smith,QB,12,16.0,11.0,6.5,17.5
Geno Smith,QB,13,16.0,15.33,1.0,16.33
Geno Smith,QB,2,3.0,11.67,-6.5,5.17
Geno Smith,QB,3,31.0,16.67,7.5,24.17
Geno Smith,QB,4,13.0,15.67,5.0,20.67
Geno Smith,QB,5,5.0,16.33,-13.0,3.33
Geno Smith,QB,6,10.0,9.33,-1.5,7.83
Geno Smith,QB,7,2.0,5.67,-1.5,4.17
Geno Smith,QB,9,33.0,15.0,11.5,26.5
George Holani,RB,3,4.0,4.33,-2.5,1.83
George Holani,RB,9,0.0,1.33,0.0,1.33
George Kittle,TE,11,24.0,19.67,6.0,25.67
George Kittle,TE,12,13.0,20.0,-5.0,15.0
George Kittle,TE,13,10.0,15.67,-7.0,8.67
George Kittle,TE,8,14.0,12.33,0.5,12.83
George Kittle,TE,9,7.0,10.33,-1.5,8.83
George Pickens,WR,12,29.0,21.33,11.5,32.83
George Pickens,WR,13,16.0,24.67,-6.5,18.17
George Pickens,WR,2,17.0,20.67,-6.0,14.67
George Pickens,WR,3,17.0,16.67,0.5,17.17
George Pickens,WR,4,33.0,22.33,8.0,30.33
George Pickens,WR,5,13.0,21.0,-2.0,19.0
George Pickens,WR,6,31.0,25.67,-1.0,24.67
George Pickens,WR,7,12.0,18.67,-0.5,18.17
George Pickens,WR,8,14.0,19.0,-8.5,10.5
George Pickens,WR,9,13.0,13.0,0.5,13.5
Grant Calcaterra,TE,4,2.0,1.33,0.5,1.83
Grant Calcaterra,TE,5,3.0,2.0,1.0,3.0
Greg Dortch,WR,11,18.0,8.33,8.5,16.83
Greg Dortch,WR,12,17.0,13.67,5.5,19.17
Greg Dortch,WR,13,3.0,12.67,-7.5,5.17
Greg Dortch,WR,2,2.0,7.33,-7.5,-0.17
Greg Dortch,WR,3,2.0,2.33,-0.5,1.83
Greg Dortch,WR,4,7.0,3.67,2.5,6.17
Greg Dortch,WR,5,3.0,4.0,0.5,4.5
Greg Dortch,WR,6,9.0,6.33,1.0,7.33
Greg Dortch,WR,7,2.0,4.67,-0.5,4.17
Greg Dortch,WR,9,0.0,3.67,-4.5,-0.83
Greg Dulcich,TE,13,4.0,3.33,0.5,3.83
Greg Dulcich,TE,9,9.0,5.33,3.0,8.33
Gunnar Helm,TE,12,11.0,6.33,4.5,10.83
Gunnar Helm,TE,13,8.0,8.33,1.0,9.33
Gunnar Helm,TE,2,2.0,7.0,-4.5,2.5
Gunnar Helm,TE,3,5.0,5.0,-1.5,3.5
Gunnar Helm,TE,4,2.0,3.0,0.0,3.0
Gunnar Helm,TE,5,7.0,4.67,1.0,5.67
Gunnar Helm,TE,6,3.0,4.0,0.5,4.5
Gunnar Helm,TE,7,7.0,5.67,0.0,5.67
Gunnar Helm,TE,8,10.0,6.67,3.5,10.17
Gunnar Helm,TE,9,2.0,6.33,-2.5,3.83
Gunner Olszewski,WR,9,9.0,5.0,1.0,6.0
Harold Fannin,TE,11,4.0,8.33,-4.5,3.83
Harold Fannin,TE,12,8.0,6.67,0.0,6.67
Harold Fannin,TE,13,12.0,8.0,4.0,12.0
Harold Fannin,TE,2,9.0,9.67,0.5,10.17
Harold Fannin,TE,3,5.0,8.67,-3.5,5.17
Harold Fannin,TE,4,4.0,6.0,-2.5,3.5
Harold Fannin,TE,5,11.0,6.67,3.0,9.67
Harold Fannin,TE,6,15.0,10.0,5.5,15.5
Harold Fannin,TE,7,7.0,11.0,-2.0,9.0
Harold Fannin,TE,8,18.0,13.33,1.5,14.83
Hassan Haskins,RB,7,2.0,2.0,0.0,2.0
Hunter Henry,TE,11,8.0,6.33,-1.0,5.33
Hunter Henry,TE,12,24.0,11.0,11.5,22.5
Hunter Henry,TE,13,11.0,14.33,1.5,15.83
Hunter Henry,TE,2,1.0,12.0,-11.5,0.5
Hunter Henry,TE,3,29.0,13.67,9.0,22.67
Hunter Henry,TE,4,11.0,13.67,5.0,18.67
Hunter Henry,TE,5,6.0,15.33,-11.5,3.83
Hunter Henry,TE,6,5.0,7.33,-3.0,4.33
Hunter Henry,TE,7,7.0,6.0,0.5,6.5
Hunter Henry,TE,8,7.0,6.33,1.0,7.33
Hunter Henry,TE,9,9.0,7.67,1.0,8.67
Hunter Long,TE,4,11.0,7.0,2.0,9.0
Hunter Long,TE,5,1.0,5.0,-1.0,4.0
Hunter Long,TE,6,3.0,5.0,-4.0,1.0
Hunter Long,TE,7,3.0,2.33,1.0,3.33
Hunter Long,TE,9,1.0,2.33,-1.0,1.33
Hunter Luepke,RB,4,0.0,2.33,-3.0,-0.67
Hunter Luepke,RB,5,2.0,1.0,0.5,1.5
Hunter Luepke,RB,6,8.0,3.33,4.0,7.33
Hunter Luepke,RB,7,1.0,3.67,-0.5,3.17
Hunter Luepke,RB,8,0.0,3.0,-4.0,-1.0
Hunter Renfrow,WR,3,2.0,9.33,-0.5,8.83
Hunter Renfrow,WR,4,3.0,9.33,-10.0,-0.67
Hunter Renfrow,WR,5,1.0,2.0,-0.5,1.5
Hunter Renfrow,WR,6,1.0,1.67,-1.0,0.67
Ian Thomas,TE,13,1.0,3.67,-1.0,2.67
Ian Thomas,TE,5,5.0,4.33,-1.0,3.33
Ian Thomas,TE,6,1.0,2.33,0.0,2.33
Ian Thomas,TE,9,1.0,2.33,-2.0,0.33
Isaac TeSlaa,WR,13,11.0,7.0,1.5,8.5
Isaac TeSlaa,WR,2,3.0,5.33,0.5,5.83
Isaac TeSlaa,WR,5,8.0,7.33,-1.5,5.83
Isaiah Bond,WR,12,7.0,2.67,3.0,5.67
Isaiah Bond,WR,13,2.0,3.0,1.0,4.0
Isaiah Bond,WR,2,1.0,3.33,-3.0,0.33
Isaiah Bond,WR,3,3.0,2.0,0.5,2.5
Isaiah Bond,WR,4,8.0,4.0,3.5,7.5
Isaiah Bond,WR,5,4.0,5.0,0.5,5.5
Isaiah Bond,WR,6,2.0,4.67,-3.0,1.67
Isaiah Davis,RB,11,1.0,1.33,0.0,1.33
Isaiah Davis,RB,12,0.0,1.0,-1.0,0.0
Isaiah Davis,RB,2,1.0,0.67,0.0,0.67
Isaiah Davis,RB,4,3.0,1.33,1.5,2.83
Isaiah Davis,RB,5,5.0,3.0,2.0,5.0
Isaiah Davis,RB,6,1.0,3.0,-1.0,2.0
Isaiah Davis,RB,7,5.0,3.67,0.0,3.67
Isaiah Davis,RB,8,17.0,7.67,8.0,15.67
Isaiah Hodgins,WR,13,1.0,7.67,-4.5,3.17
Isaiah Likely,TE,12,2.0,2.67,-0.5,2.17
Isaiah Likely,TE,13,13.0,6.0,5.0,11.0
Isaiah Likely,TE,5,2.0,5.67,0.0,5.67
Isaiah Likely,TE,6,2.0,5.67,-5.5,0.17
Isaiah Likely,TE,8,2.0,2.0,0.0,2.0
Isaiah Likely,TE,9,9.0,4.33,3.5,7.83
Isaiah Williams,WR,4,-1.0,0.33,-1.0,-0.67
Isaiah Williams,WR,8,8.0,2.67,3.5,6.17
Isiah Pacheco,RB,2,3.0,3.67,-0.5,3.17
Isiah Pacheco,RB,3,5.0,4.0,0.5,4.5
Isiah Pacheco,RB,4,12.0,6.67,4.5,11.17
Isiah Pacheco,RB,5,8.0,8.33,1.5,9.83
Isiah Pacheco,RB,6,6.0,8.67,-3.0,5.67
Isiah Pacheco,RB,7,12.0,8.67,2.0,10.67
Isiah Pacheco,RB,8,5.0,7.67,-0.5,7.17
J.J. McCarthy,QB,11,8.0,16.0,-8.5,7.5
J.J. McCarthy,QB,12,0.0,7.67,-7.5,0.17
J.J. McCarthy,QB,2,3.0,3.67,-2.5,1.17
J.J. McCarthy,QB,9,22.0,8.33,11.0,19.33
J.K. Dobbins,RB,2,14.0,12.0,0.0,12.0
J.K. Dobbins,RB,3,15.0,12.33,3.5,15.83
J.K. Dobbins,RB,4,11.0,13.33,-1.5,11.83
J.K. Dobbins,RB,5,14.0,13.33,-0.5,12.83
J.K. Dobbins,RB,6,4.0,9.67,-3.5,6.17
J.K. Dobbins,RB,7,9.0,9.0,-2.5,6.5
J.K. Dobbins,RB,8,14.0,9.0,5.0,14.0
J.K. Dobbins,RB,9,7.0,10.0,-1.0,9.0
Ja'Marr Chase,WR,13,18.0,9.33,7.0,16.33
Ja'Marr Chase,WR,2,36.0,20.0,15.0,35.0
Ja'Marr Chase,WR,3,9.0,21.0,-4.5,16.5
Ja'Marr Chase,WR,4,7.0,17.33,-14.5,2.83
Ja'Marr Chase,WR,5,29.0,15.0,10.0,25.0
Ja'Marr Chase,WR,6,25.0,20.33,9.0,29.33
Ja'Marr Chase,WR,7,38.0,30.67,4.5,35.17
Ja'Marr Chase,WR,8,21.0,28.0,-2.0,26.0
Ja'Marr Chase,WR,9,17.0,25.33,-10.5,14.83
Ja'Tavion Sanders,TE,11,6.0,6.0,1.0,7.0
Ja'Tavion Sanders,TE,12,1.0,5.0,-3.5,1.5
Ja'Tavion Sanders,TE,2,12.0,6.33,3.0,9.33
Ja'Tavion Sanders,TE,3,3.0,5.33,1.0,6.33
Ja'Tavion Sanders,TE,8,4.0,6.33,-4.0,2.33
Ja'Tavion Sanders,TE,9,1.0,2.67,-1.0,1.67
Jack Bech,WR,13,4.0,3.0,0.5,3.5
Jack Bech,WR,3,2.0,2.67,0.0,2.67
Jack Bech,WR,5,5.0,3.67,0.5,4.17
Jack Bech,WR,7,3.0,3.33,0.5,3.83
Jack Stoll,TE,4,1.0,4.0,0.0,4.0
Jackson Hawes,TE,12,4.0,5.33,0.5,5.83
Jackson Hawes,TE,13,2.0,5.0,-3.5,1.5
Jackson Hawes,TE,2,1.0,2.33,-1.5,0.83
Jackson Hawes,TE,3,7.0,3.33,2.5,5.83
Jackson Hawes,TE,4,2.0,3.33,0.5,3.83
Jackson Hawes,TE,8,3.0,4.0,-2.0,2.0
Jackson Hawes,TE,9,2.0,2.33,0.0,2.33
Jacoby Brissett,QB,12,20.0,23.67,-2.5,21.17
Jacoby Brissett,QB,13,23.0,23.0,-1.5,21.5
Jacoby Brissett,QB,2,0.0,14.33,-10.0,4.33
Jacoby Brissett,QB,5,0.0,7.67,-11.5,-3.83
Jacoby Brissett,QB,6,23.0,7.67,11.5,19.17
Jacoby Brissett,QB,7,24.0,15.67,12.0,27.67
Jacoby Brissett,QB,9,28.0,25.0,2.5,27.5
Jacory Croskey-Merritt,RB,11,3.0,6.67,-5.5,1.17
Jacory Croskey-Merritt,RB,13,2.0,2.67,-0.5,2.17
Jacory Croskey-Merritt,RB,2,1.0,2.0,-1.0,1.0
Jacory Croskey-Merritt,RB,3,9.0,4.0,3.5,7.5
Jacory Croskey-Merritt,RB,4,7.0,5.67,3.0,8.67
Jacory Croskey-Merritt,RB,5,27.0,14.33,9.0,23.33
Jacory Croskey-Merritt,RB,6,6.0,13.33,-0.5,12.83
Jacory Croskey-Merritt,RB,7,4.0,12.33,-11.5,0.83
Jacory Croskey-Merritt,RB,8,2.0,4.0,-2.0,2.0
Jacory Croskey-Merritt,RB,9,4.0,3.33,0.0,3.33
Jahan Dotson,WR,13,2.0,5.33,-3.0,2.33
Jahan Dotson,WR,2,1.0,3.0,-2.5,0.5
Jahan Dotson,WR,3,1.0,1.33,-0.5,0.83
Jahan Dotson,WR,5,3.0,1.67,1.0,2.67
Jahan Dotson,WR,6,2.0,2.0,0.5,2.5
Jahan Dotson,WR,8,11.0,5.33,4.0,9.33
Jahmyr Gibbs,RB,11,18.0,23.33,2.0,25.33
Jahmyr Gibbs,RB,12,54.0,36.67,8.0,44.67
Jahmyr Gibbs,RB,13,10.0,27.33,-4.0,23.33
Jahmyr Gibbs,RB,2,19.0,27.67,-17.5,10.17
Jahmyr Gibbs,RB,3,26.0,18.33,8.0,26.33
Jahmyr Gibbs,RB,4,17.0,20.67,-1.0,19.67
Jahmyr Gibbs,RB,5,16.0,19.67,-5.0,14.67
Jahmyr Gibbs,RB,6,7.0,13.33,-5.0,8.33
Jahmyr Gibbs,RB,7,36.0,19.67,10.0,29.67
Jahmyr Gibbs,RB,9,5.0,16.0,-1.0,15.0
Jake Browning,QB,3,7.0,9.33,3.5,12.83
Jake Browning,QB,4,5.0,11.0,-8.0,3.0
Jake Browning,QB,5,25.0,12.33,9.0,21.33
Jake Ferguson,TE,12,11.0,9.67,2.0,11.67
Jake Ferguson,TE,13,8.0,10.0,-1.5,8.5
Jake Ferguson,TE,2,16.0,11.67,2.5,14.17
Jake Ferguson,TE,3,21.0,15.0,6.5,21.5
Jake Ferguson,TE,4,17.0,18.0,0.5,18.5
Jake Ferguson,TE,5,23.0,20.33,1.0,21.33
Jake Ferguson,TE,6,12.0,17.33,-2.5,14.83
Jake Ferguson,TE,7,21.0,18.67,-1.0,17.67
Jake Ferguson,TE,9,9.0,14.0,-1.5,12.5
Jake Tonges,TE,3,4.0,7.0,-3.0,4.0
Jake Tonges,TE,4,14.0,8.33,3.5,11.83
Jake Tonges,TE,5,17.0,11.67,6.5,18.17
Jake Tonges,TE,6,11.0,14.0,-1.5,12.5
Jake Tonges,TE,8,7.0,11.67,-5.0,6.67
Jakobi Meyers,WR,11,11.0,11.67,-3.0,8.67
Jakobi Meyers,WR,12,15.0,11.0,4.0,15.0
Jakobi Meyers,WR,13,21.0,15.67,5.0,20.67
Jakobi Meyers,WR,2,12.0,16.0,-1.5,14.5
Jakobi Meyers,WR,3,9.0,14.0,-6.0,8.0
Jakobi Meyers,WR,4,7.0,9.33,-2.5,6.83
Jakobi Meyers,WR,5,7.0,7.67,-1.0,6.67
Jakobi Meyers,WR,6,7.0,7.0,0.0,7.0
Jakobi Meyers,WR,9,6.0,6.67,-0.5,6.17
Jaleel McLaughlin,RB,6,0.0,3.67,-4.0,-0.33
Jalen Coker,WR,12,6.0,7.33,0.5,7.83
Jalen Coker,WR,13,17.0,11.33,3.0,14.33
Jalen Coker,WR,8,6.0,9.67,0.0,9.67
Jalen Coker,WR,9,1.0,8.0,-8.0,0.0
Jalen Hurts,QB,11,14.0,17.33,-5.0,12.33
Jalen Hurts,QB,12,32.0,20.0,9.0,29.0
Jalen Hurts,QB,13,21.0,22.33,3.5,25.83
Jalen Hurts,QB,2,11.0,21.33,-10.5,10.83
Jalen Hurts,QB,3,36.0,22.67,7.5,30.17
Jalen Hurts,QB,4,23.0,23.33,6.0,29.33
Jalen Hurts,QB,5,23.0,27.33,-6.5,20.83
Jalen Hurts,QB,6,22.0,22.67,-0.5,22.17
Jalen Hurts,QB,7,31.0,25.33,4.0,29.33
Jalen Hurts,QB,8,33.0,28.67,5.5,34.17
Jalen Milroe,QB,5,-1.0,-0.33,-0.5,-0.83
Jalen Nailor,WR,11,2.0,9.33,-0.5,8.83
Jalen Nailor,WR,2,6.0,10.33,-8.5,1.83
Jalen Nailor,WR,3,6.0,4.67,2.0,6.67
Jalen Nailor,WR,4,9.0,7.0,1.5,8.5
Jalen Nailor,WR,5,6.0,7.0,0.0,7.0
Jalen Nailor,WR,7,5.0,6.67,-2.0,4.67
Jalen Nailor,WR,9,2.0,4.33,-2.0,2.33
Jalen Tolbert,WR,3,7.0,3.67,3.0,6.67
Jalen Tolbert,WR,4,10.0,6.67,3.5,10.17
Jalen Tolbert,WR,6,1.0,6.0,-3.0,3.0
Jalen Tolbert,WR,7,2.0,4.33,-4.0,0.33
Jalen Tolbert,WR,8,12.0,5.0,5.5,10.5
Jamari Thrash,WR,3,2.0,1.33,0.5,1.83
Jamari Thrash,WR,5,3.0,2.0,1.0,3.0
Jamari Thrash,WR,6,3.0,2.67,0.5,3.17
Jamari Thrash,WR,7,3.0,3.0,0.0,3.0
Jamari Thrash,WR,8,5.0,3.67,1.0,4.67
James Conner,RB,3,6.0,10.0,-3.5,6.5
James Cook,RB,11,19.0,16.67,-0.5,16.17
James Cook,RB,12,21.0,17.0,5.0,22.0
James Cook,RB,13,19.0,19.67,0.0,19.67
James Cook,RB,2,26.0,22.0,2.5,24.5
James Cook,RB,3,20.0,21.67,0.5,22.17
James Cook,RB,4,21.0,22.33,-2.5,19.83
James Cook,RB,5,4.0,15.0,-8.0,7.0
James Cook,RB,6,8.0,11.0,-6.5,4.5
James Cook,RB,8,33.0,15.0,14.5,29.5
James Cook,RB,9,13.0,18.0,2.5,20.5
Jameson Williams,WR,11,18.0,15.67,6.0,21.67
Jameson Williams,WR,13,27.0,22.67,2.0,24.67
Jameson Williams,WR,2,18.0,21.0,0.0,21.0
Jameson Williams,WR,3,6.0,17.0,-10.5,6.5
Jameson Williams,WR,4,6.0,10.0,-6.0,4.0
Jameson Williams,WR,5,1.0,4.33,-2.5,1.83
Jameson Williams,WR,6,18.0,8.33,6.0,14.33
Jameson Williams,WR,9,16.0,11.67,7.5,19.17
Jared Goff,QB,11,14.0,19.0,0.5,19.5
Jared Goff,QB,12,21.0,21.67,-4.5,17.17
Jared Goff,QB,13,24.0,19.67,5.0,24.67
Jared Goff,QB,2,43.0,29.33,11.0,40.33
Jared Goff,QB,3,14.0,27.0,-5.0,22.0
Jared Goff,QB,4,16.0,24.33,-13.5,10.83
Jared Goff,QB,5,27.0,19.0,6.5,25.5
Jared Goff,QB,6,20.0,21.0,2.0,23.0
Jared Goff,QB,7,12.0,19.67,-7.5,12.17
Jared Goff,QB,9,23.0,18.33,1.5,19.83
Jaret Patterson,RB,8,3.0,4.67,1.5,6.17
Jaret Patterson,RB,9,4.0,6.0,-3.5,2.5
Jauan Jennings,WR,11,9.0,10.0,3.0,13.0
Jauan Jennings,WR,12,15.0,14.0,-1.5,12.5
Jauan Jennings,WR,13,13.0,12.33,2.0,14.33
Jauan Jennings,WR,2,19.0,15.67,2.0,17.67
Jauan Jennings,WR,4,6.0,12.67,-3.5,9.17
Jauan Jennings,WR,6,1.0,8.67,-9.0,-0.33
Jauan Jennings,WR,7,7.0,4.67,0.5,5.17
Jauan Jennings,WR,8,8.0,5.33,3.5,8.83
Jauan Jennings,WR,9,14.0,9.67,3.5,13.17
Javonte Williams,RB,12,11.0,13.67,-4.5,9.17
Javonte Williams,RB,13,16.0,12.33,3.0,15.33
Javonte Williams,RB,2,24.0,17.0,6.5,23.5
Javonte Williams,RB,3,12.0,17.33,-2.0,15.33
Javonte Williams,RB,4,18.0,18.0,-3.0,15.0
Javonte Williams,RB,5,26.0,18.67,7.0,25.67
Javonte Williams,RB,6,7.0,17.0,-5.5,11.5
Javonte Williams,RB,7,18.0,17.0,-4.0,13.0
Javonte Williams,RB,8,17.0,14.0,5.0,19.0
Javonte Williams,RB,9,8.0,14.33,-5.0,9.33
Jaxon Smith-Njigba,WR,11,20.0,20.0,0.0,20.0
Jaxon Smith-Njigba,WR,12,36.0,25.33,8.0,33.33
Jaxon Smith-Njigba,WR,13,4.0,20.0,-8.0,12.0
Jaxon Smith-Njigba,WR,2,18.0,19.33,-9.0,10.33
Jaxon Smith-Njigba,WR,3,20.0,14.0,8.0,22.0
Jaxon Smith-Njigba,WR,4,12.0,16.67,-3.0,13.67
Jaxon Smith-Njigba,WR,5,27.0,19.67,3.5,23.17
Jaxon Smith-Njigba,WR,6,30.0,23.0,9.0,32.0
Jaxon Smith-Njigba,WR,7,26.0,27.67,-0.5,27.17
Jaxon Smith-Njigba,WR,9,21.0,25.67,-4.5,21.17
Jaxson Dart,QB,2,0.0,13.67,-13.0,0.67
Jaxson Dart,QB,3,0.0,5.0,-7.5,-2.5
Jaxson Dart,QB,4,21.0,7.0,10.5,17.5
Jaxson Dart,QB,5,20.0,13.67,10.0,23.67
Jaxson Dart,QB,6,24.0,21.67,1.5,23.17
Jaxson Dart,QB,7,34.0,26.0,7.0,33.0
Jaxson Dart,QB,8,20.0,26.0,-2.0,24.0
Jaxson Dart,QB,9,30.0,28.0,-2.0,26.0
Jayden Daniels,QB,5,18.0,20.67,-1.5,19.17
Jayden Daniels,QB,6,28.0,23.0,2.5,25.5
Jayden Daniels,QB,7,20.0,22.0,1.0,23.0
Jayden Daniels,QB,9,15.0,21.0,-6.5,14.5
Jayden Higgins,WR,11,9.0,9.67,2.0,11.67
Jayden Higgins,WR,12,13.0,12.33,-1.0,11.33
Jayden Higgins,WR,13,11.0,11.0,1.0,12.0
Jayden Higgins,WR,2,3.0,9.0,-5.0,4.0
Jayden Higgins,WR,3,1.0,5.0,-5.0,0.0
Jayden Higgins,WR,4,9.0,4.33,3.0,7.33
Jayden Higgins,WR,5,7.0,5.67,3.0,8.67
Jayden Higgins,WR,8,13.0,9.67,2.0,11.67
Jayden Higgins,WR,9,1.0,7.0,-3.0,4.0
Jaydon Blue,RB,7,3.0,1.0,1.5,2.5
Jaydon Blue,RB,8,2.0,1.67,1.0,2.67
Jaylen Waddle,WR,11,8.0,11.33,0.5,11.83
Jaylen Waddle,WR,13,7.0,11.33,-6.0,5.33
Jaylen Waddle,WR,2,17.0,10.67,4.5,15.17
Jaylen Waddle,WR,3,14.0,12.67,3.5,16.17
Jaylen Waddle,WR,4,7.0,12.67,-5.0,7.67
Jaylen Waddle,WR,5,23.0,14.67,4.5,19.17
Jaylen Waddle,WR,6,15.0,15.0,4.0,19.0
Jaylen Waddle,WR,7,2.0,13.33,-10.5,2.83
Jaylen Waddle,WR,8,20.0,12.33,2.5,14.83
Jaylen Waddle,WR,9,14.0,12.0,6.0,18.0
Jaylen Warren,RB,11,8.0,10.67,-2.5,8.17
Jaylen Warren,RB,12,12.0,10.33,0.5,10.83
Jaylen Warren,RB,13,11.0,10.33,1.5,11.83
Jaylen Warren,RB,2,16.0,13.0,2.0,15.0
Jaylen Warren,RB,3,12.0,13.0,0.5,13.5
Jaylen Warren,RB,6,8.0,12.0,-4.0,8.0
Jaylen Warren,RB,7,19.0,13.0,3.5,16.5
Jaylen Warren,RB,8,9.0,12.0,0.5,12.5
Jaylen Warren,RB,9,17.0,15.0,-1.0,14.0
Jaylen Wright,RB,13,1.0,0.67,0.0,0.67
Jaylen Wright,RB,8,3.0,1.33,1.5,2.83
Jaylin Lane,WR,11,2.0,3.0,0.0,3.0
Jaylin Lane,WR,2,1.0,2.67,-2.0,0.67
Jaylin Lane,WR,3,1.0,1.33,-0.5,0.83
Jaylin Lane,WR,4,3.0,1.67,1.0,2.67
Jaylin Lane,WR,5,2.0,2.0,0.5,2.5
Jaylin Lane,WR,6,4.0,3.0,0.5,3.5
Jaylin Lane,WR,7,9.0,5.0,3.5,8.5
Jaylin Lane,WR,8,1.0,4.67,-1.5,3.17
Jaylin Lane,WR,9,4.0,4.67,-2.5,2.17
Jaylin Noel,WR,11,2.0,3.33,0.5,3.83
Jaylin Noel,WR,12,1.0,3.33,-3.0,0.33
Jaylin Noel,WR,3,1.0,1.33,-0.5,0.83
Jaylin Noel,WR,4,1.0,1.0,0.0,1.0
Jaylin Noel,WR,5,9.0,3.67,4.0,7.67
Jaylin Noel,WR,7,11.0,7.0,5.0,12.0
Jaylin Noel,WR,8,11.0,10.33,1.0,11.33
Jaylin Noel,WR,9,0.0,7.33,-5.5,1.83
Jeremy McNichols,RB,11,4.0,3.0,1.0,4.0
Jeremy McNichols,RB,13,5.0,4.0,1.0,5.0
Jeremy McNichols,RB,3,13.0,7.33,4.5,11.83
Jeremy McNichols,RB,4,1.0,6.33,-2.0,4.33
Jeremy McNichols,RB,5,2.0,5.33,-5.5,-0.17
Jeremy McNichols,RB,6,6.0,3.0,2.5,5.5
Jeremy McNichols,RB,7,6.0,4.67,2.0,6.67
Jeremy McNichols,RB,8,11.0,7.67,2.5,10.17
Jeremy McNichols,RB,9,0.0,5.67,-3.0,2.67
Jeremy Ruckert,TE,11,6.0,3.33,1.5,4.83
Jeremy Ruckert,TE,13,3.0,3.33,1.0,4.33
Jeremy Ruckert,TE,2,7.0,5.33,0.5,5.83
Jeremy Ruckert,TE,4,3.0,4.33,0.0,4.33
Jeremy Ruckert,TE,5,6.0,5.33,-0.5,4.83
Jeremy Ruckert,TE,8,3.0,4.0,0.0,4.0
Jerome Ford,RB,11,0.0,0.33,-0.5,-0.17
Jerome Ford,RB,12,0.0,0.0,0.0,0.0
Jerome Ford,RB,13,4.0,1.33,2.0,3.33
Jerome Ford,RB,2,10.0,4.67,5.0,9.67
Jerome Ford,RB,3,5.0,6.33,0.5,6.83
Jerome Ford,RB,4,1.0,5.33,-4.5,0.83
Jerome Ford,RB,5,5.0,3.67,0.0,3.67
Jerome Ford,RB,6,7.0,4.33,3.0,7.33
Jerome Ford,RB,7,3.0,5.0,-1.0,4.0
Jerome Ford,RB,8,1.0,3.67,-3.0,0.67
Jerry Jeudy,WR,11,5.0,11.67,-3.0,8.67
Jerry Jeudy,WR,12,3.0,9.0,-8.0,1.0
Jerry Jeudy,WR,13,5.0,4.33,0.0,4.33
Jerry Jeudy,WR,2,9.0,5.67,3.0,8.67
Jerry Jeudy,WR,3,2.0,5.33,-1.5,3.83
Jerry Jeudy,WR,4,7.0,6.0,-1.0,5.0
Jerry Jeudy,WR,5,3.0,4.0,0.5,4.5
Jerry Jeudy,WR,6,9.0,6.33,1.0,7.33
Jerry Jeudy,WR,7,3.0,5.0,0.0,5.0
Jimmy Horn,WR,6,6.0,4.33,2.0,6.33
Jimmy Horn,WR,7,1.0,4.0,-2.0,2.0
Jimmy Horn,WR,8,0.0,2.33,-3.0,-0.67
Jimmy Horn,WR,9,1.0,0.67,0.0,0.67
Jo'quavious Marks,RB,11,5.0,6.67,2.5,9.17
Jo'quavious Marks,RB,12,8.0,9.33,-3.5,5.83
Jo'quavious Marks,RB,13,7.0,6.67,1.0,7.67
Jo'quavious Marks,RB,2,5.0,6.67,-1.5,5.17
Jo'quavious Marks,RB,3,3.0,5.0,-2.0,3.0
Jo'quavious Marks,RB,4,27.0,11.67,11.0,22.67
Jo'quavious Marks,RB,5,2.0,10.67,-0.5,10.17
Jo'quavious Marks,RB,7,12.0,13.67,-7.5,6.17
Jo'quavious Marks,RB,8,14.0,9.33,6.0,15.33
Jo'quavious Marks,RB,9,2.0,9.33,-5.0,4.33
Joe Burrow,QB,2,9.0,13.67,-0.5,13.17
Joe Flacco,QB,12,11.0,11.67,-1.0,10.67
Joe Flacco,QB,2,10.0,10.67,-0.5,10.17
Joe Flacco,QB,3,3.0,8.0,-4.0,4.0
Joe Flacco,QB,4,2.0,5.0,-4.0,1.0
Joe Flacco,QB,6,22.0,9.0,9.5,18.5
Joe Flacco,QB,7,31.0,18.33,14.5,32.83
Joe Flacco,QB,8,27.0,26.67,2.5,29.17
Joe Flacco,QB,9,39.0,32.33,4.0,36.33
John Bates,TE,5,1.0,1.33,0.0,1.33
John Bates,TE,7,1.0,1.33,-0.5,0.83
John Bates,TE,8,3.0,1.67,1.0,2.67
John Bates,TE,9,4.0,2.67,1.5,4.17
John FitzPatrick,TE,12,2.0,1.33,0.5,1.83
John FitzPatrick,TE,3,9.0,4.0,4.0,8.0
John FitzPatrick,TE,7,1.0,4.0,-0.5,3.5
John FitzPatrick,TE,8,1.0,3.67,-4.0,-0.33
John Metchie,WR,12,18.0,10.67,8.5,19.17
John Metchie,WR,13,5.0,12.0,-4.0,8.0
John Metchie,WR,2,1.0,8.0,-8.5,-0.5
John Metchie,WR,3,1.0,2.33,-2.0,0.33
John Metchie,WR,4,3.0,1.67,1.0,2.67
John Mundt,TE,12,2.0,3.0,-0.5,2.5
John Mundt,TE,3,1.0,2.33,-1.5,0.83
John Mundt,TE,5,1.0,1.33,-0.5,0.83
John Mundt,TE,6,2.0,1.33,0.5,1.83
John Mundt,TE,7,1.0,1.33,0.0,1.33
Jonathan Taylor,RB,12,7.0,22.67,-2.5,20.17
Jonathan Taylor,RB,13,14.0,23.33,-17.5,5.83
Jonathan Taylor,RB,2,29.0,16.67,11.0,27.67
Jonathan Taylor,RB,3,32.0,25.0,9.0,34.0
Jonathan Taylor,RB,4,14.0,25.0,-7.5,17.5
Jonathan Taylor,RB,5,31.0,25.67,-0.5,25.17
Jonathan Taylor,RB,6,23.0,22.67,4.5,27.17
Jonathan Taylor,RB,7,33.0,29.0,1.0,30.0
Jonathan Taylor,RB,8,37.0,31.0,7.0,38.0
Jonathan Taylor,RB,9,7.0,25.67,-13.0,12.67
Jonnu Smith,TE,12,5.0,6.0,-3.5,2.5
Jonnu Smith,TE,13,1.0,2.33,0.0,2.33
Jonnu Smith,TE,2,6.0,4.0,0.5,4.5
Jonnu Smith,TE,3,5.0,4.0,2.0,6.0
Jonnu Smith,TE,4,2.0,4.33,-2.0,2.33
Jonnu Smith,TE,6,5.0,4.0,0.0,4.0
Jonnu Smith,TE,7,11.0,6.0,4.5,10.5
Jonnu Smith,TE,8,3.0,6.33,-1.0,5.33
Jonnu Smith,TE,9,5.0,6.33,-3.0,3.33
Jordan Addison,WR,13,8.0,8.0,1.0,9.0
Jordan Addison,WR,4,15.0,11.0,2.5,13.5
Jordan Addison,WR,5,15.0,12.67,3.5,16.17
Jordan Addison,WR,7,21.0,17.0,3.0,20.0
Jordan Addison,WR,8,11.0,15.67,-2.0,13.67
Jordan Addison,WR,9,7.0,13.0,-7.0,6.0
Jordan Love,QB,11,20.0,15.67,0.5,16.17
Jordan Love,QB,12,6.0,11.33,-1.0,10.33
Jordan Love,QB,13,33.0,19.67,6.5,26.17
Jordan Love,QB,2,24.0,21.0,9.0,30.0
Jordan Love,QB,3,12.0,23.0,-10.5,12.5
Jordan Love,QB,4,32.0,22.67,4.0,26.67
Jordan Love,QB,6,16.0,20.0,2.0,22.0
Jordan Love,QB,7,15.0,21.0,-8.5,12.5
Jordan Love,QB,8,34.0,21.67,9.0,30.67
Jordan Love,QB,9,8.0,19.0,-3.5,15.5
Jordan Mason,RB,11,10.0,6.67,1.5,8.17
Jordan Mason,RB,12,4.0,5.67,0.5,6.17
Jordan Mason,RB,13,5.0,6.33,-2.5,3.83
Jordan Mason,RB,2,5.0,4.67,0.5,5.17
Jordan Mason,RB,3,23.0,11.0,9.0,20.0
Jordan Mason,RB,4,9.0,12.33,2.0,14.33
Jordan Mason,RB,5,13.0,15.0,-5.0,10.0
Jordan Mason,RB,7,11.0,11.0,1.0,12.0
Jordan Mason,RB,8,1.0,8.33,-6.0,2.33
Jordan Mason,RB,9,4.0,5.33,-3.5,1.83
Jordan Whittington,WR,12,4.0,1.67,2.0,3.67
Jordan Whittington,WR,2,6.0,3.67,2.5,6.17
Jordan Whittington,WR,3,2.0,4.0,-1.0,3.0
Jordan Whittington,WR,4,1.0,3.0,-2.5,0.5
Jordan Whittington,WR,5,5.0,2.67,1.5,4.17
Jordan Whittington,WR,6,5.0,3.67,2.0,5.67
Jordan Whittington,WR,7,2.0,4.0,-1.5,2.5
Josh Allen,QB,11,48.0,38.0,3.0,41.0
Josh Allen,QB,12,8.0,26.67,-8.0,18.67
Josh Allen,QB,13,17.0,24.33,-15.5,8.83
Josh Allen,QB,2,10.0,11.67,1.0,12.67
Josh Allen,QB,3,28.0,18.33,5.5,23.83
Josh Allen,QB,4,28.0,22.0,9.0,31.0
Josh Allen,QB,5,24.0,26.67,-2.0,24.67
Josh Allen,QB,6,19.0,23.67,-4.5,19.17
Josh Allen,QB,8,24.0,22.33,0.0,22.33
Josh Allen,QB,9,29.0,24.0,5.0,29.0
Josh Downs,WR,12,3.0,2.33,0.0,2.33
Josh Downs,WR,13,6.0,3.33,2.5,5.83
Josh Downs,WR,2,11.0,6.67,4.0,10.67
Josh Downs,WR,3,5.0,7.33,-0.5,6.83
Josh Downs,WR,4,6.0,7.33,-2.5,4.83
Josh Downs,WR,5,11.0,7.33,3.0,10.33
Josh Downs,WR,6,16.0,11.0,5.0,16.0
Josh Downs,WR,8,12.0,13.0,0.5,13.5
Josh Downs,WR,9,16.0,14.67,0.0,14.67
Josh Jacobs,RB,11,4.0,12.33,-4.5,7.83
Josh Jacobs,RB,13,9.0,11.0,-5.5,5.5
Josh Jacobs,RB,2,14.0,9.0,5.0,14.0
Josh Jacobs,RB,3,12.0,11.67,1.5,13.17
Josh Jacobs,RB,4,31.0,19.0,8.5,27.5
Josh Jacobs,RB,6,31.0,24.67,9.5,34.17
Josh Jacobs,RB,7,18.0,26.67,-6.5,20.17
Josh Jacobs,RB,8,13.0,20.67,-9.0,11.67
Josh Jacobs,RB,9,19.0,16.67,0.5,17.17
Josh Oliver,TE,12,1.0,1.0,0.0,1.0
Josh Oliver,TE,3,8.0,3.33,3.5,6.83
Josh Oliver,TE,5,11.0,6.67,5.0,11.67
Josh Oliver,TE,7,1.0,6.67,-3.5,3.17
Josh Palmer,WR,12,4.0,6.0,-3.5,2.5
Josh Palmer,WR,2,6.0,4.33,1.5,5.83
Josh Palmer,WR,3,1.0,3.67,-1.5,2.17
Josh Palmer,WR,4,4.0,3.67,-1.0,2.67
Josh Palmer,WR,5,5.0,3.33,2.0,5.33
Josh Palmer,WR,6,8.0,5.67,2.0,7.67
Josh Reynolds,WR,6,5.0,5.0,1.0,6.0
Josh Reynolds,WR,7,5.0,5.67,-1.0,4.67
JuJu Smith-Schuster,WR,2,1.0,4.0,-4.5,-0.5
JuJu Smith-Schuster,WR,3,9.0,3.67,4.0,7.67
JuJu Smith-Schuster,WR,4,13.0,7.67,6.0,13.67
JuJu Smith-Schuster,WR,5,3.0,8.33,-3.0,5.33
JuJu Smith-Schuster,WR,6,8.0,8.0,-2.5,5.5
JuJu Smith-Schuster,WR,7,6.0,5.67,1.5,7.17
JuJu Smith-Schuster,WR,8,4.0,6.0,-2.0,4.0
JuJu Smith-Schuster,WR,9,1.0,3.67,-2.5,1.17
Julian Hill,TE,3,1.0,1.67,-0.5,1.17
Julian Hill,TE,4,2.0,1.67,0.0,1.67
Julian Hill,TE,5,6.0,3.0,2.5,5.5
Julian Hill,TE,6,6.0,4.67,2.0,6.67
Julian Hill,TE,7,1.0,4.33,-2.5,1.83
Julius Chestnut,RB,3,2.0,0.67,1.0,1.67
Julius Chestnut,RB,4,0.0,0.67,0.0,0.67
Julius Chestnut,RB,5,0.0,0.67,-1.0,-0.33
Julius Chestnut,RB,8,0.0,0.0,0.0,0.0
Justice Hill,RB,2,4.0,4.33,1.5,5.83
Justice Hill,RB,3,7.0,6.33,-0.5,5.83
Justice Hill,RB,4,28.0,13.0,12.0,25.0
Justice Hill,RB,5,1.0,12.0,-3.0,9.0
Justice Hill,RB,6,8.0,12.33,-10.0,2.33
Justice Hill,RB,8,0.0,3.0,-0.5,2.5
Justice Hill,RB,9,3.0,3.67,-2.5,1.17
Justin Fields,QB,11,21.0,19.67,-4.5,15.17
Justin Fields,QB,2,4.0,11.0,-2.0,9.0
Justin Fields,QB,4,30.0,18.33,4.5,22.83
Justin Fields,QB,5,29.0,21.0,12.5,33.5
Justin Fields,QB,6,4.0,21.0,-13.0,8.0
Justin Fields,QB,7,3.0,12.0,-13.0,-1.0
Justin Fields,QB,8,22.0,9.67,9.0,18.67
Justin Herbert,QB,11,3.0,17.0,-15.0,2.0
Justin Herbert,QB,13,16.0,11.33,0.5,11.83
Justin Herbert,QB,2,23.0,14.0,10.0,24.0
Justin Herbert,QB,3,16.0,18.33,0.0,18.33
Justin Herbert,QB,4,14.0,17.67,-4.5,13.17
Justin Herbert,QB,5,16.0,15.33,0.0,15.33
Justin Herbert,QB,6,22.0,17.33,4.0,21.33
Justin Herbert,QB,7,33.0,23.67,8.5,32.17
Justin Herbert,QB,8,31.0,28.67,4.5,33.17
Justin Herbert,QB,9,31.0,31.67,-1.0,30.67
Justin Jefferson,WR,11,11.0,10.67,-1.5,9.17
Justin Jefferson,WR,12,8.0,8.67,0.5,9.17
Justin Jefferson,WR,13,2.0,7.0,-4.5,2.5
Justin Jefferson,WR,2,11.0,7.0,1.5,8.5
Justin Jefferson,WR,3,12.0,8.33,5.0,13.33
Justin Jefferson,WR,4,22.0,15.0,5.5,20.5
Justin Jefferson,WR,5,19.0,17.67,3.5,21.17
Justin Jefferson,WR,7,12.0,17.67,-5.0,12.67
Justin Jefferson,WR,8,14.0,15.0,-2.5,12.5
Justin Jefferson,WR,9,16.0,14.0,2.0,16.0
Juwan Johnson,TE,12,10.0,14.67,-2.5,12.17
Juwan Johnson,TE,13,8.0,12.33,-5.5,6.83
Juwan Johnson,TE,2,15.0,11.0,2.5,13.5
Juwan Johnson,TE,3,11.0,11.33,1.5,12.83
Juwan Johnson,TE,4,5.0,10.33,-5.0,5.33
Juwan Johnson,TE,5,3.0,6.33,-4.0,2.33
Juwan Johnson,TE,6,2.0,3.33,-1.5,1.83
Juwan Johnson,TE,7,12.0,5.67,4.5,10.17
Juwan Johnson,TE,8,10.0,8.0,4.0,12.0
Juwan Johnson,TE,9,12.0,11.33,0.0,11.33
KaVontae Turpin,WR,12,4.0,2.67,0.5,3.17
KaVontae Turpin,WR,13,7.0,4.0,3.0,7.0
KaVontae Turpin,WR,2,14.0,8.33,5.0,13.33
KaVontae Turpin,WR,3,8.0,9.67,0.5,10.17
KaVontae Turpin,WR,4,6.0,9.33,-4.0,5.33
KaVontae Turpin,WR,7,2.0,5.33,-3.0,2.33
KaVontae Turpin,WR,8,1.0,3.0,-2.5,0.5
KaVontae Turpin,WR,9,3.0,2.0,0.5,2.5
Kaleb Johnson,RB,11,1.0,0.33,0.5,0.83
Kaleb Johnson,RB,13,0.0,0.33,0.0,0.33
Kaleb Johnson,RB,2,0.0,0.33,-0.5,-0.17
Kaleb Johnson,RB,4,2.0,0.67,1.0,1.67
Kaleb Johnson,RB,6,1.0,1.0,0.5,1.5
Kaleb Johnson,RB,9,1.0,1.33,-0.5,0.83
Kalif Raymond,WR,12,5.0,5.67,1.0,6.67
Kalif Raymond,WR,2,2.0,5.33,-3.5,1.83
Kalif Raymond,WR,3,1.0,2.67,-2.0,0.67
Kalif Raymond,WR,4,3.0,2.0,0.5,2.5
Kalif Raymond,WR,7,4.0,2.67,1.5,4.17
Kameron Johnson,WR,6,16.0,5.67,7.5,13.17
Kareem Hunt,RB,12,20.0,12.0,8.0,20.0
Kareem Hunt,RB,13,8.0,13.33,-2.0,11.33
Kareem Hunt,RB,2,4.0,10.67,-8.0,2.67
Kareem Hunt,RB,3,11.0,7.67,1.5,9.17
Kareem Hunt,RB,4,5.0,6.67,0.5,7.17
Kareem Hunt,RB,5,17.0,11.0,3.0,14.0
Kareem Hunt,RB,6,4.0,8.67,-0.5,8.17
Kareem Hunt,RB,7,1.0,7.33,-8.0,-0.67
Kareem Hunt,RB,8,17.0,7.33,6.5,13.83
Kareem Hunt,RB,9,11.0,9.67,5.0,14.67
Kayshon Boutte,WR,13,13.0,10.67,-1.5,9.17
Kayshon Boutte,WR,2,8.0,8.0,2.5,10.5
Kayshon Boutte,WR,3,4.0,8.33,-4.5,3.83
Kayshon Boutte,WR,4,2.0,4.67,-3.0,1.67
Kayshon Boutte,WR,5,7.0,4.33,1.5,5.83
Kayshon Boutte,WR,6,26.0,11.67,12.0,23.67
Kayshon Boutte,WR,7,13.0,15.33,3.0,18.33
Kayshon Boutte,WR,8,16.0,18.33,-5.0,13.33
Keaton Mitchell,RB,12,2.0,4.0,-0.5,3.5
Keaton Mitchell,RB,13,10.0,6.33,1.5,7.83
Keaton Mitchell,RB,5,1.0,4.33,-0.5,3.83
Keaton Mitchell,RB,8,4.0,5.0,-3.0,2.0
Keaton Mitchell,RB,9,2.0,2.33,0.5,2.83
Keenan Allen,WR,11,9.0,10.33,-5.0,5.33
Keenan Allen,WR,13,7.0,6.33,2.0,8.33
Keenan Allen,WR,2,17.0,11.0,4.0,15.0
Keenan Allen,WR,3,19.0,14.33,6.0,20.33
Keenan Allen,WR,4,8.0,14.67,-4.5,10.17
Keenan Allen,WR,5,10.0,12.33,-4.5,7.83
Keenan Allen,WR,6,6.0,8.0,-1.0,7.0
Keenan Allen,WR,7,28.0,14.67,9.0,23.67
Keenan Allen,WR,8,8.0,14.0,1.0,15.0
Keenan Allen,WR,9,6.0,14.0,-11.0,3.0
Kendre Miller,RB,3,4.0,2.33,1.0,3.33
Kendre Miller,RB,4,12.0,5.67,5.5,11.17
Kendre Miller,RB,5,5.0,7.0,0.5,7.5
Kendre Miller,RB,6,4.0,7.0,-4.0,3.0
Kendre Miller,RB,7,0.0,3.0,-2.5,0.5
Kendrick Bourne,WR,3,7.0,5.0,2.5,7.5
Kendrick Bourne,WR,4,2.0,5.0,-2.0,3.0
Kendrick Bourne,WR,5,24.0,11.0,8.5,19.5
Kendrick Bourne,WR,6,19.0,15.0,8.5,23.5
Kendrick Bourne,WR,7,3.0,15.33,-10.5,4.83
Kendrick Bourne,WR,8,7.0,9.67,-6.0,3.67
Kendrick Bourne,WR,9,5.0,5.0,1.0,6.0
Kenneth Walker,RB,11,19.0,10.33,7.0,17.33
Kenneth Walker,RB,12,13.0,13.0,3.0,16.0
Kenneth Walker,RB,13,9.0,13.67,-5.0,8.67
Kenneth Walker,RB,2,18.0,13.33,2.5,15.83
Kenneth Walker,RB,3,17.0,14.67,4.0,18.67
Kenneth Walker,RB,4,11.0,15.33,-3.5,11.83
Kenneth Walker,RB,5,9.0,12.33,-4.0,8.33
Kenneth Walker,RB,6,4.0,8.0,-3.5,4.5
Kenneth Walker,RB,7,6.0,6.33,-1.5,4.83
Kenneth Walker,RB,9,7.0,5.67,1.5,7.17
Kenny Gainwell,RB,11,29.0,11.67,12.5,24.17
Kenny Gainwell,RB,12,18.0,16.33,8.0,24.33
Kenny Gainwell,RB,13,6.0,17.67,-11.5,6.17
Kenny Gainwell,RB,2,6.0,10.0,-6.0,4.0
Kenny Gainwell,RB,3,9.0,7.0,1.5,8.5
Kenny Gainwell,RB,4,30.0,15.0,12.0,27.0
Kenny Gainwell,RB,6,9.0,16.0,0.0,16.0
Kenny Gainwell,RB,7,3.0,14.0,-13.5,0.5
Kenny Gainwell,RB,8,4.0,5.33,-2.5,2.83
Kenny Gainwell,RB,9,7.0,4.67,2.0,6.67
Keon Coleman,WR,13,8.0,15.33,-8.5,6.83
Keon Coleman,WR,2,5.0,8.67,-4.0,4.67
Keon Coleman,WR,3,5.0,6.0,-1.5,4.5
Keon Coleman,WR,4,7.0,5.67,1.0,6.67
Keon Coleman,WR,5,11.0,7.67,3.0,10.67
Keon Coleman,WR,6,4.0,7.33,-1.5,5.83
Keon Coleman,WR,8,6.0,7.0,-2.5,4.5
Keon Coleman,WR,9,3.0,4.33,-0.5,3.83
Khalil Shakir,WR,11,1.0,8.33,-5.5,2.83
Khalil Shakir,WR,12,18.0,10.33,3.0,13.33
Khalil Shakir,WR,13,1.0,6.67,0.0,6.67
Khalil Shakir,WR,2,2.0,7.0,-8.0,-1.0
Khalil Shakir,WR,3,14.0,5.67,6.5,12.17
Khalil Shakir,WR,4,17.0,11.0,7.5,18.5
Khalil Shakir,WR,5,10.0,13.67,-2.0,11.67
Khalil Shakir,WR,6,6.0,11.0,-5.5,5.5
Khalil Shakir,WR,8,20.0,12.0,5.0,17.0
Khalil Shakir,WR,9,11.0,12.33,2.5,14.83
Kimani Vidal,RB,13,20.0,13.33,1.5,14.83
Kimani Vidal,RB,5,2.0,8.33,-0.5,7.83
Kimani Vidal,RB,6,22.0,14.67,1.0,15.67
Kimani Vidal,RB,7,7.0,10.33,2.5,12.83
Kimani Vidal,RB,8,19.0,16.0,-1.5,14.5
Kimani Vidal,RB,9,3.0,9.67,-2.0,7.67
Kirk Cousins,QB,13,15.0,11.0,7.0,18.0
Kirk Cousins,QB,3,1.0,11.0,-8.0,3.0
Kirk Cousins,QB,8,6.0,7.33,-4.5,2.83
Konata Mumpfield,WR,7,7.0,4.0,1.5,5.5
Kyle Juszczyk,RB,11,4.0,3.67,-0.5,3.17
Kyle Juszczyk,RB,13,4.0,3.33,1.0,4.33
Kyle Juszczyk,RB,2,1.0,3.0,-1.5,1.5
Kyle Juszczyk,RB,3,7.0,4.0,1.5,5.5
Kyle Juszczyk,RB,4,6.0,4.67,2.5,7.17
Kyle Juszczyk,RB,5,5.0,6.0,-1.0,5.0
Kyle Juszczyk,RB,6,1.0,4.0,-2.5,1.5
Kyle Juszczyk,RB,7,2.0,2.67,-1.5,1.17
Kyle Juszczyk,RB,8,1.0,1.33,0.0,1.33
Kyle Juszczyk,RB,9,2.0,1.67,0.0,1.67
Kyle Monangai,RB,11,10.0,6.67,4.0,10.67
Kyle Monangai,RB,12,10.0,9.33,1.0,10.33
Kyle Monangai,RB,13,19.0,13.0,4.5,17.5
Kyle Monangai,RB,2,3.0,10.67,-3.5,7.17
Kyle Monangai,RB,3,2.0,8.0,-8.5,-0.5
Kyle Monangai,RB,4,1.0,2.0,-1.0,1.0
Kyle Monangai,RB,6,4.0,2.33,1.0,3.33
Kyle Monangai,RB,7,17.0,7.33,8.0,15.33
Kyle Monangai,RB,8,2.0,7.67,-1.0,6.67
Kyle Monangai,RB,9,22.0,13.67,2.5,16.17
Kyle Pitts,TE,11,3.0,6.67,-4.5,2.17
Kyle Pitts,TE,12,4.0,4.0,-0.5,3.5
Kyle Pitts,TE,13,15.0,7.33,6.0,13.33
Kyle Pitts,TE,2,7.0,8.67,1.5,10.17
Kyle Pitts,TE,3,7.0,9.67,-4.0,5.67
Kyle Pitts,TE,4,18.0,10.67,5.5,16.17
Kyle Pitts,TE,6,4.0,9.67,-1.5,8.17
Kyle Pitts,TE,7,13.0,11.67,-2.5,9.17
Kyle Pitts,TE,8,14.0,10.33,5.0,15.33
Kyle Pitts,TE,9,7.0,11.33,-3.0,8.33
Kyle Williams,WR,12,2.0,6.0,0.0,6.0
Kyle Williams,WR,13,10.0,8.67,-2.0,6.67
Kyle Williams,WR,3,1.0,4.33,-0.5,3.83
Kyle Williams,WR,4,0.0,3.67,-5.0,-1.33
Kylen Granson,TE,2,1.0,1.0,0.0,1.0
Kyler Murray,QB,3,15.0,17.0,-3.0,14.0
Kyler Murray,QB,4,20.0,16.67,2.5,19.17
Kyler Murray,QB,5,15.0,16.67,0.0,16.67
Kyren Williams,RB,11,16.0,17.0,1.5,18.5
Kyren Williams,RB,12,5.0,14.33,-8.5,5.83
Kyren Williams,RB,13,13.0,11.33,-1.5,9.83
Kyren Williams,RB,2,9.0,9.0,2.0,11.0
Kyren Williams,RB,3,18.0,13.33,2.5,15.83
Kyren Williams,RB,4,10.0,12.33,0.5,12.83
Kyren Williams,RB,5,31.0,19.67,6.5,26.17
Kyren Williams,RB,6,16.0,19.0,3.0,22.0
Kyren Williams,RB,7,8.0,18.33,-11.5,6.83
Kyren Williams,RB,9,17.0,13.67,0.5,14.17
Ladd McConkey,WR,11,4.0,12.33,-4.5,7.83
Ladd McConkey,WR,13,13.0,12.33,-3.5,8.83
Ladd McConkey,WR,2,9.0,8.67,2.5,11.17
Ladd McConkey,WR,3,8.0,10.0,-2.5,7.5
Ladd McConkey,WR,4,2.0,6.33,-3.5,2.83
Ladd McConkey,WR,5,14.0,8.0,3.0,11.0
Ladd McConkey,WR,6,23.0,13.0,10.5,23.5
Ladd McConkey,WR,7,15.0,17.33,0.5,17.83
Ladd McConkey,WR,8,20.0,19.33,-1.5,17.83
Ladd McConkey,WR,9,9.0,14.67,-3.0,11.67
Lamar Jackson,QB,11,4.0,18.33,-14.5,3.83
Lamar Jackson,QB,12,7.0,9.67,-5.5,4.17
Lamar Jackson,QB,13,7.0,6.0,1.5,7.5
Lamar Jackson,QB,2,34.0,16.0,13.5,29.5
Lamar Jackson,QB,3,32.0,24.33,12.5,36.83
Lamar Jackson,QB,4,12.0,26.0,-11.0,15.0
Lamar Jackson,QB,9,33.0,25.67,0.5,26.17
LeQuint Allen,RB,11,3.0,1.67,1.0,2.67
LeQuint Allen,RB,12,0.0,1.33,-0.5,0.83
LeQuint Allen,RB,2,1.0,1.33,-1.0,0.33
LeQuint Allen,RB,3,1.0,0.67,0.5,1.17
LeQuint Allen,RB,4,1.0,1.0,0.0,1.0
LeQuint Allen,RB,6,2.0,1.33,0.5,1.83
LeQuint Allen,RB,7,1.0,1.33,0.0,1.33
LeQuint Allen,RB,9,2.0,1.67,0.0,1.67
Luke Farrell,TE,12,1.0,3.67,0.0,3.67
Luke Farrell,TE,2,9.0,6.33,0.0,6.33
Luke Farrell,TE,4,3.0,4.33,1.0,5.33
Luke Farrell,TE,5,1.0,4.33,-4.0,0.33
Luke Farrell,TE,7,2.0,2.0,-0.5,1.5
Luke Farrell,TE,9,1.0,1.33,0.0,1.33
Luke McCaffrey,WR,4,10.0,9.33,3.0,12.33
Luke McCaffrey,WR,5,6.0,10.0,-4.0,6.0
Luke McCaffrey,WR,6,10.0,8.67,0.0,8.67
Luke McCaffrey,WR,8,5.0,7.0,-0.5,6.5
Luke Musgrave,TE,11,1.0,2.33,0.0,2.33
Luke Musgrave,TE,12,1.0,2.33,-2.0,0.33
Luke Musgrave,TE,13,3.0,1.67,1.0,2.67
Luke Musgrave,TE,2,5.0,3.0,2.0,5.0
Luke Musgrave,TE,4,1.0,3.0,-1.0,2.0
Luke Musgrave,TE,6,1.0,2.33,-2.0,0.33
Luke Musgrave,TE,8,1.0,1.0,0.0,1.0
Luke Musgrave,TE,9,6.0,2.67,2.5,5.17
Luke Schoonmaker,TE,4,2.0,1.33,0.5,1.83
Luke Schoonmaker,TE,5,1.0,1.33,0.0,1.33
Luke Schoonmaker,TE,6,1.0,1.33,-0.5,0.83
Luke Schoonmaker,TE,8,4.0,2.0,1.5,3.5
Luke Schoonmaker,TE,9,2.0,2.33,0.5,2.83
Luther Burden,WR,11,5.0,4.67,2.0,6.67
Luther Burden,WR,12,8.0,7.0,0.0,7.0
Luther Burden,WR,13,7.0,6.67,1.0,7.67
Luther Burden,WR,2,1.0,5.33,-3.5,1.83
Luther Burden,WR,3,19.0,9.0,6.0,15.0
Luther Burden,WR,4,2.0,7.33,0.5,7.83
Luther Burden,WR,6,9.0,10.0,-5.0,5.0
Luther Burden,WR,7,3.0,4.67,0.5,5.17
Luther Burden,WR,8,1.0,4.33,-4.0,0.33
Mac Jones,QB,13,0.0,9.33,-14.0,-4.67
Mac Jones,QB,2,28.0,9.33,14.0,23.33
Mac Jones,QB,3,15.0,14.33,7.5,21.83
Mac Jones,QB,5,25.0,22.67,-1.5,21.17
Mac Jones,QB,6,10.0,16.67,-2.5,14.17
Mac Jones,QB,7,5.0,13.33,-10.0,3.33
Mac Jones,QB,8,21.0,12.0,5.5,17.5
Mac Jones,QB,9,20.0,15.33,7.5,22.83
Mack Hollins,WR,11,10.0,9.0,4.5,13.5
Mack Hollins,WR,12,5.0,10.33,-5.5,4.83
Mack Hollins,WR,13,5.0,6.67,-2.5,4.17
Mack Hollins,WR,2,7.0,5.67,1.0,6.67
Mack Hollins,WR,3,6.0,6.0,0.5,6.5
Mack Hollins,WR,4,7.0,6.67,0.0,6.67
Mack Hollins,WR,6,4.0,5.67,-1.0,4.67
Mack Hollins,WR,7,6.0,5.67,-0.5,5.17
Mack Hollins,WR,8,15.0,8.33,5.5,13.83
Mack Hollins,WR,9,2.0,7.67,-2.0,5.67
Malachi Corley,WR,12,1.0,2.0,-1.0,1.0
Malachi Corley,WR,13,0.0,1.0,-1.0,0.0
Malachi Corley,WR,5,1.0,0.67,0.0,0.67
Malachi Corley,WR,7,3.0,1.33,1.5,2.83
Malachi Corley,WR,8,3.0,2.33,1.0,3.33
Malik Davis,RB,13,10.0,4.67,4.0,8.67
Malik Davis,RB,8,0.0,4.0,-1.0,3.0
Malik Davis,RB,9,0.0,3.33,-5.0,-1.67
Malik Heath,WR,8,5.0,3.33,0.5,3.83
Malik Heath,WR,9,2.0,2.67,0.5,3.17
Malik Nabers,WR,3,3.0,17.33,-4.5,12.83
Malik Nabers,WR,4,4.0,14.67,-16.5,-1.83
Malik Washington,WR,11,7.0,6.33,1.5,7.83
Malik Washington,WR,13,7.0,7.33,-0.5,6.83
Malik Washington,WR,2,3.0,5.67,-2.0,3.67
Malik Washington,WR,3,6.0,5.33,-0.5,4.83
Malik Washington,WR,4,3.0,4.0,0.0,4.0
Malik Washington,WR,5,4.0,4.33,-1.0,3.33
Malik Washington,WR,6,6.0,4.33,1.5,5.83
Malik Washington,WR,7,8.0,6.0,2.0,8.0
Malik Washington,WR,8,13.0,9.0,3.5,12.5
Malik Washington,WR,9,7.0,9.33,-0.5,8.83
Mar'Keise Irving,RB,2,18.0,15.67,2.5,18.17
Mar'Keise Irving,RB,3,13.0,15.67,-1.5,14.17
Mar'Keise Irving,RB,4,26.0,19.0,4.0,23.0
Marcus Mariota,QB,13,26.0,21.33,2.0,23.33
Marcus Mariota,QB,3,23.0,21.67,3.5,25.17
Marcus Mariota,QB,4,20.0,23.0,-3.0,20.0
Marcus Mariota,QB,7,3.0,15.33,-10.0,5.33
Marcus Mariota,QB,8,12.0,11.67,-4.0,7.67
Mark Andrews,TE,11,15.0,8.67,7.0,15.67
Mark Andrews,TE,12,1.0,8.67,-4.5,4.17
Mark Andrews,TE,13,8.0,8.0,-3.5,4.5
Mark Andrews,TE,2,1.0,3.33,0.0,3.33
Mark Andrews,TE,3,27.0,12.0,9.5,21.5
Mark Andrews,TE,4,10.0,12.67,4.5,17.17
Mark Andrews,TE,5,4.0,13.67,-11.5,2.17
Mark Andrews,TE,6,6.0,6.67,-2.0,4.67
Mark Andrews,TE,8,6.0,5.33,1.0,6.33
Mark Andrews,TE,9,16.0,9.33,5.0,14.33
Marquez Valdes-Scantling,WR,6,4.0,2.0,1.5,3.5
Marquise Brown,WR,12,2.0,9.67,-8.5,1.17
Marquise Brown,WR,13,10.0,6.67,1.0,7.67
Marquise Brown,WR,2,8.0,6.67,3.0,9.67
Marquise Brown,WR,3,8.0,8.67,-1.0,7.67
Marquise Brown,WR,4,12.0,9.33,2.0,11.33
Marquise Brown,WR,5,8.0,9.33,0.0,9.33
Marquise Brown,WR,6,20.0,13.33,4.0,17.33
Marquise Brown,WR,7,9.0,12.33,0.5,12.83
Marquise Brown,WR,9,9.0,12.67,-5.5,7.17
Marvin Harrison,WR,13,12.0,14.67,-3.0,11.67
Marvin Harrison,WR,2,4.0,10.0,-5.0,5.0
Marvin Harrison,WR,3,7.0,7.67,-2.5,5.17
Marvin Harrison,WR,4,18.0,9.67,7.0,16.67
Marvin Harrison,WR,5,13.0,12.67,3.0,15.67
Marvin Harrison,WR,6,5.0,12.0,-6.5,5.5
Marvin Harrison,WR,7,7.0,8.33,-3.0,5.33
Marvin Harrison,WR,9,22.0,11.33,8.5,19.83
Marvin Mims,WR,13,2.0,1.67,-0.5,1.17
Marvin Mims,WR,2,10.0,4.0,5.0,9.0
Marvin Mims,WR,3,1.0,4.33,-0.5,3.83
Marvin Mims,WR,4,19.0,10.0,4.5,14.5
Marvin Mims,WR,5,3.0,7.67,1.0,8.67
Marvin Mims,WR,6,5.0,9.0,-7.0,2.0
Marvin Mims,WR,7,15.0,7.67,6.0,13.67
Marvin Mims,WR,8,1.0,7.0,-2.0,5.0
Mason Rudolph,QB,13,-2.0,6.0,-6.5,-0.5
Mason Rudolph,QB,2,0.0,2.33,-4.5,-2.17
Mason Rudolph,QB,6,0.0,-0.67,1.0,0.33
Mason Taylor,TE,11,7.0,3.67,2.0,5.67
Mason Taylor,TE,12,5.0,4.33,2.0,6.33
Mason Taylor,TE,13,4.0,5.33,-1.5,3.83
Mason Taylor,TE,2,1.0,3.33,-2.0,1.33
Mason Taylor,TE,3,5.0,3.33,0.5,3.83
Mason Taylor,TE,4,11.0,5.67,5.0,10.67
Mason Taylor,TE,5,17.0,11.0,6.0,17.0
Mason Taylor,TE,6,1.0,9.67,-5.0,4.67
Mason Taylor,TE,7,6.0,8.0,-5.5,2.5
Mason Taylor,TE,8,14.0,7.0,6.5,13.5
Matthew Golden,WR,2,1.0,2.33,-1.0,1.33
Matthew Golden,WR,3,9.0,4.33,3.0,7.33
Matthew Golden,WR,4,10.0,6.67,4.5,11.17
Matthew Golden,WR,6,12.0,10.33,1.5,11.83
Matthew Golden,WR,7,7.0,9.67,-1.5,8.17
Matthew Golden,WR,8,3.0,7.33,-4.5,2.83
Matthew Golden,WR,9,2.0,4.0,-2.5,1.5
Matthew Stafford,QB,11,17.0,22.33,1.0,23.33
Matthew Stafford,QB,12,28.0,26.67,-3.5,23.17
Matthew Stafford,QB,13,16.0,20.33,-0.5,19.83
Matthew Stafford,QB,2,21.0,21.67,-3.5,18.17
Matthew Stafford,QB,3,17.0,18.0,0.5,18.5
Matthew Stafford,QB,4,33.0,23.67,6.0,29.67
Matthew Stafford,QB,5,32.0,27.33,7.5,34.83
Matthew Stafford,QB,6,12.0,25.67,-10.5,15.17
Matthew Stafford,QB,7,37.0,27.0,2.5,29.5
Matthew Stafford,QB,9,35.0,28.0,11.5,39.5
Max Brosmer,QB,5,0.0,-0.67,1.5,0.83
Max Brosmer,QB,8,0.0,0.33,-0.5,-0.17
Michael Carter,RB,12,8.0,5.0,4.0,9.0
Michael Carter,RB,13,10.0,8.33,1.5,9.83
Michael Carter,RB,4,0.0,6.0,-4.0,2.0
Michael Carter,RB,5,18.0,9.33,4.0,13.33
Michael Carter,RB,6,8.0,8.67,4.0,12.67
Michael Carter,RB,7,5.0,10.33,-6.5,3.83
Michael Mayer,TE,11,4.0,5.33,-1.5,3.83
Michael Mayer,TE,12,2.0,3.67,-1.5,2.17
Michael Mayer,TE,2,2.0,2.67,-1.0,1.67
Michael Mayer,TE,6,16.0,6.67,7.0,13.67
Michael Mayer,TE,7,2.0,6.67,0.0,6.67
Michael Mayer,TE,9,5.0,7.67,-5.5,2.17
Michael Penix,QB,11,7.0,15.33,-9.0,6.33
Michael Penix,QB,2,5.0,8.67,-4.5,4.17
Michael Penix,QB,3,2.0,4.67,-2.5,2.17
Michael Penix,QB,4,22.0,9.67,8.5,18.17
Michael Penix,QB,6,16.0,13.33,7.0,20.33
Michael Penix,QB,7,14.0,17.33,-4.0,13.33
Michael Penix,QB,9,27.0,19.0,5.5,24.5
Michael Pittman,WR,12,13.0,12.0,-3.5,8.5
Michael Pittman,WR,13,2.0,6.0,-0.5,5.5
Michael Pittman,WR,2,8.0,7.67,-2.5,5.17
Michael Pittman,WR,3,19.0,9.67,8.5,18.17
Michael Pittman,WR,4,15.0,14.0,3.5,17.5
Michael Pittman,WR,5,14.0,16.0,-2.5,13.5
Michael Pittman,WR,6,4.0,11.0,-5.5,5.5
Michael Pittman,WR,7,20.0,12.67,3.0,15.67
Michael Pittman,WR,8,23.0,15.67,9.5,25.17
Michael Pittman,WR,9,20.0,21.0,0.0,21.0
Michael Wilson,WR,11,33.0,13.67,16.0,29.67
Michael Wilson,WR,12,21.0,20.33,7.0,27.33
Michael Wilson,WR,13,6.0,20.0,-13.5,6.5
Michael Wilson,WR,2,8.0,11.67,-6.5,5.17
Michael Wilson,WR,3,1.0,5.0,-2.5,2.5
Michael Wilson,WR,4,4.0,4.33,-2.0,2.33
Michael Wilson,WR,5,3.0,2.67,1.0,3.67
Michael Wilson,WR,6,8.0,5.0,2.0,7.0
Michael Wilson,WR,7,7.0,6.0,2.0,8.0
Michael Wilson,WR,9,9.0,8.0,0.5,8.5
Mike Evans,WR,3,13.0,11.0,1.5,12.5
Mike Gesicki,TE,13,3.0,4.0,0.5,4.5
Mike Gesicki,TE,2,4.0,4.67,-1.5,3.17
Mike Gesicki,TE,3,1.0,2.67,-1.0,1.67
Mike Gesicki,TE,4,1.0,2.0,-1.5,0.5
Mike Gesicki,TE,5,3.0,1.67,1.0,2.67
Miles Sanders,RB,3,8.0,7.33,1.5,8.83
Miles Sanders,RB,4,3.0,6.67,-3.0,3.67
Mitchell Evans,TE,2,1.0,3.33,-1.5,1.83
Mitchell Evans,TE,3,1.0,2.33,-2.0,0.33
Mitchell Evans,TE,4,11.0,4.33,5.0,9.33
Mitchell Evans,TE,5,7.0,6.33,3.0,9.33
Mitchell Evans,TE,6,3.0,7.0,-4.0,3.0
Mitchell Evans,TE,7,4.0,4.67,-1.5,3.17
Mitchell Tinsley,WR,2,8.0,7.33,-1.0,6.33
Mitchell Tinsley,WR,4,1.0,4.33,-1.5,2.83
Mitchell Tinsley,WR,9,3.0,4.0,-2.5,1.5
Mitchell Trubisky,QB,8,0.0,0.33,0.0,0.33
Mo Alie-Cox,TE,2,1.0,1.67,-1.0,0.67
Mo Alie-Cox,TE,6,2.0,1.33,0.5,1.83
Mo Alie-Cox,TE,7,1.0,1.33,0.0,1.33
Myles Price,WR,2,-1.0,-1.0,0.0,-1.0
Najee Harris,RB,3,2.0,3.0,0.5,3.5
Nate Adkins,TE,7,4.0,5.33,1.0,6.33
Nick Chubb,RB,11,1.0,4.0,-2.5,1.5
Nick Chubb,RB,12,2.0,2.67,-1.5,1.17
Nick Chubb,RB,13,9.0,4.0,4.0,8.0
Nick Chubb,RB,2,14.0,8.33,6.0,14.33
Nick Chubb,RB,3,6.0,9.67,-1.5,8.17
Nick Chubb,RB,4,7.0,9.0,-3.5,5.5
Nick Chubb,RB,5,12.0,8.33,3.0,11.33
Nick Chubb,RB,7,2.0,7.0,-2.5,4.5
Nick Chubb,RB,8,8.0,7.33,-2.0,5.33
Nick Chubb,RB,9,3.0,4.33,0.5,4.83
Nick Westbrook,WR,2,3.0,1.67,1.0,2.67
Nick Westbrook,WR,4,1.0,1.67,0.0,1.67
Nick Westbrook,WR,7,4.0,2.67,0.5,3.17
Nick Westbrook,WR,8,2.0,2.33,0.5,2.83
Nick Westbrook,WR,9,4.0,3.33,0.0,3.33
Nico Collins,WR,11,24.0,17.0,9.5,26.5
Nico Collins,WR,12,8.0,18.0,-7.0,11.0
Nico Collins,WR,13,20.0,17.33,-2.0,15.33
Nico Collins,WR,2,14.0,14.0,3.0,17.0
Nico Collins,WR,3,23.0,19.0,1.5,20.5
Nico Collins,WR,4,11.0,16.0,-1.5,14.5
Nico Collins,WR,5,15.0,16.33,-4.0,12.33
Nico Collins,WR,7,6.0,10.67,-2.5,8.17
Nico Collins,WR,9,14.0,11.67,-0.5,11.17
Noah Fant,TE,12,1.0,6.67,-5.5,1.17
Noah Fant,TE,13,1.0,3.0,-3.0,0.0
Noah Fant,TE,2,5.0,2.33,2.0,4.33
Noah Fant,TE,3,6.0,4.0,2.5,6.5
Noah Fant,TE,6,6.0,5.67,0.5,6.17
Noah Fant,TE,7,14.0,8.67,4.0,12.67
Noah Fant,TE,8,7.0,9.0,0.5,9.5
Noah Fant,TE,9,10.0,10.33,-2.0,8.33
Noah Gray,TE,12,5.0,2.67,2.0,4.67
Noah Gray,TE,2,1.0,2.67,-0.5,2.17
Noah Gray,TE,3,4.0,3.33,-0.5,2.83
Noah Gray,TE,4,1.0,2.0,0.0,2.0
Noah Gray,TE,6,4.0,3.0,0.0,3.0
Noah Gray,TE,7,3.0,2.67,1.0,3.67
Noah Gray,TE,8,4.0,3.67,0.0,3.67
Olamide Zaccheaus,WR,12,1.0,3.33,-3.5,-0.17
Olamide Zaccheaus,WR,13,3.0,1.67,1.0,2.67
Olamide Zaccheaus,WR,2,3.0,2.33,1.0,3.33
Olamide Zaccheaus,WR,3,6.0,4.0,1.5,5.5
Olamide Zaccheaus,WR,4,9.0,6.0,3.0,9.0
Olamide Zaccheaus,WR,6,4.0,6.33,-1.0,5.33
Olamide Zaccheaus,WR,7,2.0,5.0,-3.5,1.5
Olamide Zaccheaus,WR,8,10.0,5.33,3.0,8.33
Olamide Zaccheaus,WR,9,17.0,9.67,7.5,17.17
Ollie Gordon,RB,11,10.0,3.67,4.5,8.17
Ollie Gordon,RB,13,1.0,3.67,0.5,4.17
Ollie Gordon,RB,2,1.0,4.0,-4.5,-0.5
Ollie Gordon,RB,3,9.0,3.67,4.0,7.67
Ollie Gordon,RB,4,1.0,3.67,0.0,3.67
Ollie Gordon,RB,5,0.0,3.33,-4.5,-1.17
Ollie Gordon,RB,6,1.0,0.67,0.0,0.67
Ollie Gordon,RB,7,2.0,1.0,1.0,2.0
Ollie Gordon,RB,8,13.0,5.33,6.0,11.33
Ollie Gordon,RB,9,1.0,5.33,-0.5,4.83
Omarion Hampton,RB,3,24.0,11.33,8.5,19.83
Omarion Hampton,RB,4,26.0,17.67,11.5,29.17
Omarion Hampton,RB,5,12.0,20.67,-6.0,14.67
Oronde Gadsden,TE,13,3.0,4.33,-0.5,3.83
Oronde Gadsden,TE,3,9.0,6.0,1.5,7.5
Oronde Gadsden,TE,4,3.0,5.0,0.0,5.0
Oronde Gadsden,TE,5,2.0,4.67,-3.5,1.17
Oronde Gadsden,TE,6,12.0,5.67,4.5,10.17
Oronde Gadsden,TE,7,29.0,14.33,13.5,27.83
Oronde Gadsden,TE,8,18.0,19.67,3.0,22.67
Oronde Gadsden,TE,9,11.0,19.33,-9.0,10.33
Parker Washington,WR,12,18.0,11.33,3.0,14.33
Parker Washington,WR,13,3.0,8.33,-0.5,7.83
Parker Washington,WR,2,12.0,11.0,-3.0,8.0
Parker Washington,WR,3,7.0,7.33,2.0,9.33
Parker Washington,WR,4,0.0,6.33,-6.0,0.33
Parker Washington,WR,5,9.0,5.33,1.0,6.33
Parker Washington,WR,6,4.0,4.33,2.0,6.33
Parker Washington,WR,7,10.0,7.67,0.5,8.17
Parker Washington,WR,9,17.0,10.33,6.5,16.83
Pat Bryant,WR,13,7.0,8.33,1.0,9.33
Pat Bryant,WR,2,3.0,7.67,-5.0,2.67
Pat Bryant,WR,6,4.0,4.67,-1.5,3.17
Pat Bryant,WR,7,1.0,2.67,-1.0,1.67
Pat Bryant,WR,8,12.0,5.67,4.0,9.67
Pat Bryant,WR,9,4.0,5.67,1.5,7.17
Pat Freiermuth,TE,11,2.0,4.33,-1.5,2.83
Pat Freiermuth,TE,12,10.0,6.0,2.0,8.0
Pat Freiermuth,TE,2,6.0,6.0,2.0,8.0
Pat Freiermuth,TE,3,1.0,5.67,-4.5,1.17
Pat Freiermuth,TE,6,2.0,3.0,-2.0,1.0
Pat Freiermuth,TE,7,28.0,10.33,13.5,23.83
Pat Freiermuth,TE,8,4.0,11.33,1.0,12.33
Pat Freiermuth,TE,9,11.0,14.33,-8.5,5.83
Patrick Mahomes,QB,12,17.0,19.67,-5.0,14.67
Patrick Mahomes,QB,13,37.0,23.0,11.0,34.0
Patrick Mahomes,QB,2,23.0,25.67,3.0,28.67
Patrick Mahomes,QB,3,14.0,24.67,-11.5,13.17
Patrick Mahomes,QB,4,34.0,23.67,5.5,29.17
Patrick Mahomes,QB,5,28.0,25.33,7.0,32.33
Patrick Mahomes,QB,6,37.0,33.0,1.5,34.5
Patrick Mahomes,QB,7,31.0,32.0,1.5,33.5
Patrick Mahomes,QB,8,28.0,32.0,-4.5,27.5
Patrick Mahomes,QB,9,10.0,23.0,-10.5,12.5
Puka Nacua,WR,11,14.0,18.0,-4.5,13.5
Puka Nacua,WR,12,16.0,15.67,-0.5,15.17
Puka Nacua,WR,13,13.0,14.33,-0.5,13.83
Puka Nacua,WR,2,27.0,18.67,5.5,24.17
Puka Nacua,WR,3,22.0,20.67,4.5,25.17
Puka Nacua,WR,4,36.0,28.33,4.5,32.83
Puka Nacua,WR,5,24.0,27.33,1.0,28.33
Puka Nacua,WR,6,4.0,21.33,-16.0,5.33
Puka Nacua,WR,9,22.0,16.67,-1.0,15.67
Quentin Johnston,WR,13,11.0,14.67,-6.5,8.17
Quentin Johnston,WR,2,16.0,12.0,3.5,15.5
Quentin Johnston,WR,3,14.0,13.67,1.5,15.17
Quentin Johnston,WR,4,23.0,17.67,3.5,21.17
Quentin Johnston,WR,5,7.0,14.67,-3.5,11.17
Quentin Johnston,WR,7,11.0,13.67,-6.0,7.67
Quentin Johnston,WR,9,15.0,11.0,4.0,15.0
Quinshon Judkins,RB,12,16.0,10.33,3.0,13.33
Quinshon Judkins,RB,13,15.0,12.0,5.0,17.0
Quinshon Judkins,RB,2,10.0,13.67,-3.0,10.67
Quinshon Judkins,RB,3,16.0,13.67,0.5,14.17
Quinshon Judkins,RB,4,21.0,15.67,5.5,21.17
Quinshon Judkins,RB,5,13.0,16.67,-1.5,15.17
Quinshon Judkins,RB,6,3.0,12.33,-9.0,3.33
Quinshon Judkins,RB,7,26.0,14.0,6.5,20.5
Quinshon Judkins,RB,8,4.0,11.0,0.5,11.5
RJ Harvey,RB,11,8.0,6.0,0.0,6.0
RJ Harvey,RB,13,20.0,10.0,9.0,19.0
RJ Harvey,RB,2,2.0,10.0,-3.0,7.0
RJ Harvey,RB,3,4.0,8.67,-8.0,0.67
RJ Harvey,RB,4,19.0,8.33,8.5,16.83
RJ Harvey,RB,5,5.0,9.33,0.5,9.83
RJ Harvey,RB,6,6.0,10.0,-6.5,3.5
RJ Harvey,RB,7,7.0,6.0,1.0,7.0
RJ Harvey,RB,8,23.0,12.0,8.5,20.5
RJ Harvey,RB,9,16.0,15.33,4.5,19.83
Rachaad White,RB,11,8.0,6.33,3.0,9.33
Rachaad White,RB,12,4.0,7.0,-2.5,4.5
Rachaad White,RB,13,5.0,5.67,-1.5,4.17
Rachaad White,RB,2,14.0,7.67,5.0,12.67
Rachaad White,RB,3,2.0,7.0,-1.5,5.5
Rachaad White,RB,4,7.0,7.67,-3.5,4.17
Rachaad White,RB,5,23.0,10.67,10.5,21.17
Rachaad White,RB,6,17.0,15.67,5.0,20.67
Rachaad White,RB,7,7.0,15.67,-8.0,7.67
Rachaad White,RB,8,7.0,10.33,-5.0,5.33
Raheem Mostert,RB,12,4.0,2.67,1.0,3.67
Raheem Mostert,RB,13,0.0,2.0,-1.0,1.0
Raheem Mostert,RB,4,8.0,4.0,2.0,6.0
Raheem Mostert,RB,5,2.0,3.33,1.0,4.33
Raheem Mostert,RB,6,0.0,3.33,-4.0,-0.67
Raheem Mostert,RB,7,1.0,1.0,-0.5,0.5
Raheem Mostert,RB,9,2.0,1.0,1.0,2.0
Rashee Rice,WR,13,29.0,20.67,10.0,30.67
Rashee Rice,WR,7,23.0,25.33,-0.5,24.83
Rashee Rice,WR,8,25.0,25.67,-2.0,23.67
Rashee Rice,WR,9,18.0,22.0,-2.5,19.5
Rasheen Ali,RB,13,1.0,1.0,0.5,1.5
Rashid Shaheed,WR,11,4.0,5.33,-2.5,2.83
Rashid Shaheed,WR,12,0.0,2.33,-1.5,0.83
Rashid Shaheed,WR,13,1.0,1.67,-1.5,0.17
Rashid Shaheed,WR,2,15.0,5.33,7.5,12.83
Rashid Shaheed,WR,3,8.0,8.0,3.5,11.5
Rashid Shaheed,WR,4,8.0,10.33,-3.5,6.83
Rashid Shaheed,WR,5,21.0,12.33,6.5,18.83
Rashid Shaheed,WR,6,6.0,11.67,-1.0,10.67
Rashid Shaheed,WR,7,8.0,11.67,-6.5,5.17
Rashid Shaheed,WR,8,15.0,9.67,4.5,14.17
Rashid Shaheed,WR,9,11.0,11.33,1.5,12.83
Rashod Bateman,WR,2,3.0,3.33,0.0,3.33
Rashod Bateman,WR,3,17.0,8.0,6.5,14.5
Rashod Bateman,WR,4,3.0,7.67,0.0,7.67
Rashod Bateman,WR,6,1.0,7.0,-8.0,-1.0
Rashod Bateman,WR,8,7.0,3.67,2.0,5.67
Rashod Bateman,WR,9,9.0,5.67,4.0,9.67
Ray Ray,WR,4,1.0,4.33,-3.5,0.83
Ray Ray,WR,9,1.0,2.0,-1.5,0.5
Re'Mahn Davis,RB,13,6.0,2.67,2.5,5.17
Re'Mahn Davis,RB,2,2.0,3.0,0.5,3.5
Re'Mahn Davis,RB,4,0.0,2.67,-3.0,-0.33
Re'Mahn Davis,RB,5,0.0,0.67,-1.0,-0.33
Re'Mahn Davis,RB,6,9.0,3.0,4.5,7.5
Re'Mahn Davis,RB,8,1.0,3.33,0.5,3.83
Rhamondre Stevenson,RB,13,11.0,5.33,3.5,8.83
Rhamondre Stevenson,RB,2,20.0,10.67,9.5,20.17
Rhamondre Stevenson,RB,3,5.0,12.0,-3.0,9.0
Rhamondre Stevenson,RB,4,4.0,9.67,-8.0,1.67
Rhamondre Stevenson,RB,5,15.0,8.0,5.0,13.0
Rhamondre Stevenson,RB,6,1.0,6.67,-1.5,5.17
Rhamondre Stevenson,RB,7,16.0,10.67,0.5,11.17
Rhamondre Stevenson,RB,8,5.0,7.33,2.0,9.33
Ricky Pearsall,WR,12,2.0,5.67,-6.0,-0.33
Ricky Pearsall,WR,13,3.0,2.0,1.0,3.0
Ricky Pearsall,WR,2,9.0,4.67,3.5,8.17
Ricky Pearsall,WR,3,19.0,10.33,8.0,18.33
Ricky Pearsall,WR,4,8.0,12.0,-0.5,11.5
Rico Dowdle,RB,11,14.0,10.67,5.5,16.17
Rico Dowdle,RB,12,10.0,13.0,-2.5,10.5
Rico Dowdle,RB,13,9.0,11.0,-2.5,8.5
Rico Dowdle,RB,2,2.0,7.0,-4.0,3.0
Rico Dowdle,RB,3,10.0,7.0,0.5,7.5
Rico Dowdle,RB,4,4.0,5.33,1.0,6.33
Rico Dowdle,RB,5,31.0,15.0,10.5,25.5
Rico Dowdle,RB,6,33.0,22.67,14.5,37.17
Rico Dowdle,RB,7,9.0,24.33,-11.0,13.33
Rico Dowdle,RB,8,5.0,15.67,-14.0,1.67
Rico Dowdle,RB,9,28.0,14.0,9.5,23.5
Roman Wilson,WR,2,1.0,4.67,-5.0,-0.33
Roman Wilson,WR,6,2.0,1.67,0.0,1.67
Roman Wilson,WR,7,3.0,2.0,1.0,3.0
Roman Wilson,WR,8,17.0,7.33,7.5,14.83
Roman Wilson,WR,9,0.0,6.67,-1.5,5.17
Rome Odunze,WR,11,6.0,13.67,-4.5,9.17
Rome Odunze,WR,12,8.0,11.33,-6.0,5.33
Rome Odunze,WR,13,2.0,5.33,-2.0,3.33
Rome Odunze,WR,2,31.0,13.67,11.5,25.17
Rome Odunze,WR,3,15.0,16.0,6.5,22.5
Rome Odunze,WR,4,16.0,20.67,-7.5,13.17
Rome Odunze,WR,6,5.0,12.0,-5.0,7.0
Rome Odunze,WR,7,5.0,8.67,-5.5,3.17
Rome Odunze,WR,8,18.0,9.33,6.5,15.83
Romeo Doubs,WR,11,9.0,6.0,0.5,6.5
Romeo Doubs,WR,12,4.0,4.67,1.5,6.17
Romeo Doubs,WR,13,12.0,8.33,1.5,9.83
Romeo Doubs,WR,2,11.0,9.0,3.5,12.5
Romeo Doubs,WR,3,4.0,9.0,-4.0,5.0
Romeo Doubs,WR,4,29.0,14.67,9.0,23.67
Romeo Doubs,WR,6,10.0,14.33,3.0,17.33
Romeo Doubs,WR,7,13.0,17.33,-8.0,9.33
Romeo Doubs,WR,8,9.0,10.67,-0.5,10.17
Romeo Doubs,WR,9,16.0,12.67,1.5,14.17
Russell Wilson,QB,2,36.0,16.0,13.0,29.0
Russell Wilson,QB,3,4.0,14.0,1.0,15.0
Russell Wilson,QB,4,0.0,13.33,-18.0,-4.67
Russell Wilson,QB,6,0.0,1.33,-2.0,-0.67
Ryan Flournoy,WR,3,4.0,5.67,-1.5,4.17
Ryan Flournoy,WR,4,4.0,4.67,-1.0,3.67
Ryan Flournoy,WR,5,18.0,8.67,7.0,15.67
Ryan Flournoy,WR,6,6.0,9.33,1.0,10.33
Ryan Flournoy,WR,8,1.0,8.33,-8.5,-0.17
Ryan Flournoy,WR,9,9.0,5.33,1.5,6.83
Sam Darnold,QB,11,4.0,6.33,-1.0,5.33
Sam Darnold,QB,12,21.0,11.33,6.0,17.33
Sam Darnold,QB,13,4.0,9.67,0.0,9.67
Sam Darnold,QB,2,19.0,14.67,-1.0,13.67
Sam Darnold,QB,3,20.0,14.33,8.0,22.33
Sam Darnold,QB,4,17.0,18.67,-1.0,17.67
Sam Darnold,QB,5,35.0,24.0,7.5,31.5
Sam Darnold,QB,6,23.0,25.0,3.0,28.0
Sam Darnold,QB,7,11.0,23.0,-12.0,11.0
Sam Darnold,QB,9,35.0,23.0,6.0,29.0
Sam LaPorta,TE,2,5.0,9.33,-4.0,5.33
Sam LaPorta,TE,3,7.0,7.33,-1.5,5.83
Sam LaPorta,TE,4,6.0,6.0,0.5,6.5
Sam LaPorta,TE,5,20.0,11.0,6.5,17.5
Sam LaPorta,TE,6,16.0,14.0,5.0,19.0
Sam LaPorta,TE,7,4.0,13.33,-8.0,5.33
Sam LaPorta,TE,9,21.0,13.67,2.5,16.17
Samaje Perine,RB,3,1.0,2.67,-0.5,2.17
Samaje Perine,RB,4,0.0,2.0,-2.5,-0.5
Samaje Perine,RB,5,4.0,1.67,1.5,3.17
Samaje Perine,RB,6,4.0,2.67,2.0,4.67
Samaje Perine,RB,7,3.0,3.67,-0.5,3.17
Samaje Perine,RB,8,16.0,7.67,6.0,13.67
Samaje Perine,RB,9,0.0,6.33,-1.5,4.83
Saquon Barkley,RB,11,9.0,13.33,-4.5,8.83
Saquon Barkley,RB,12,13.0,11.67,0.0,11.67
Saquon Barkley,RB,13,5.0,9.0,-2.0,7.0
Saquon Barkley,RB,2,16.0,11.33,1.5,12.83
Saquon Barkley,RB,3,8.0,9.67,1.5,11.17
Saquon Barkley,RB,4,17.0,13.67,0.5,14.17
Saquon Barkley,RB,5,17.0,14.0,4.5,18.5
Saquon Barkley,RB,6,7.0,13.67,-5.0,8.67
Saquon Barkley,RB,7,5.0,9.67,-6.0,3.67
Saquon Barkley,RB,8,33.0,15.0,13.0,28.0
Savion Williams,WR,11,4.0,2.33,1.5,3.83
Savion Williams,WR,12,0.0,2.0,-1.0,1.0
Savion Williams,WR,2,2.0,2.0,-1.0,1.0
Savion Williams,WR,3,0.0,0.67,0.0,0.67
Savion Williams,WR,4,5.0,2.33,1.5,3.83
Savion Williams,WR,6,0.0,1.67,0.0,1.67
Savion Williams,WR,8,7.0,4.0,1.0,5.0
Savion Williams,WR,9,2.0,3.0,1.0,4.0
Sean Tucker,RB,11,33.0,13.0,16.5,29.5
Sean Tucker,RB,12,5.0,14.67,-0.5,14.17
Sean Tucker,RB,13,0.0,12.67,-16.5,-3.83
Sean Tucker,RB,5,3.0,2.67,-1.0,1.67
Sean Tucker,RB,6,8.0,3.67,4.0,7.67
Sean Tucker,RB,7,1.0,4.0,-1.0,3.0
Sean Tucker,RB,8,10.0,6.33,1.0,7.33
Shedeur Sanders,QB,13,11.0,7.67,5.5,13.17
Skyy Moore,WR,5,0.0,1.33,-1.0,0.33
Skyy Moore,WR,7,2.0,1.33,0.0,1.33
Skyy Moore,WR,9,3.0,1.67,1.5,3.17
Spencer Rattler,QB,3,13.0,16.67,1.5,18.17
Spencer Rattler,QB,4,15.0,18.33,-6.0,12.33
Spencer Rattler,QB,5,18.0,15.33,2.5,17.83
Spencer Rattler,QB,6,11.0,14.67,-2.0,12.67
Spencer Rattler,QB,7,15.0,14.67,-1.5,13.17
Spencer Rattler,QB,8,3.0,9.67,-4.0,5.67
Stefon Diggs,WR,11,19.0,15.0,4.0,19.0
Stefon Diggs,WR,12,4.0,12.67,-5.5,7.17
Stefon Diggs,WR,13,5.0,9.33,-7.0,2.33
Stefon Diggs,WR,2,7.0,5.33,1.5,6.83
Stefon Diggs,WR,3,5.0,5.67,0.0,5.67
Stefon Diggs,WR,4,16.0,9.33,4.5,13.83
Stefon Diggs,WR,5,24.0,15.0,9.5,24.5
Stefon Diggs,WR,6,5.0,15.0,-5.5,9.5
Stefon Diggs,WR,7,13.0,14.0,-5.5,8.5
Stefon Diggs,WR,8,10.0,9.33,2.5,11.83
Stefon Diggs,WR,9,12.0,11.67,-0.5,11.17
Sterling Shepard,WR,11,9.0,7.0,1.5,8.5
Sterling Shepard,WR,12,4.0,6.33,-1.0,5.33
Sterling Shepard,WR,13,1.0,4.67,-4.0,0.67
Sterling Shepard,WR,2,7.0,4.0,1.5,5.5
Sterling Shepard,WR,3,12.0,6.67,5.5,12.17
Sterling Shepard,WR,4,3.0,7.33,-2.0,5.33
Sterling Shepard,WR,5,12.0,9.0,0.0,9.0
Sterling Shepard,WR,6,7.0,7.33,2.0,9.33
Sterling Shepard,WR,7,8.0,9.0,-2.0,7.0
Sterling Shepard,WR,8,1.0,5.33,-3.0,2.33
T.J. Hockenson,TE,11,6.0,4.0,1.0,5.0
T.J. Hockenson,TE,12,5.0,4.33,1.5,5.83
T.J. Hockenson,TE,13,11.0,7.33,2.5,9.83
T.J. Hockenson,TE,2,2.0,6.0,-1.5,4.5
T.J. Hockenson,TE,3,15.0,9.33,2.0,11.33
T.J. Hockenson,TE,4,7.0,8.0,2.5,10.5
T.J. Hockenson,TE,5,9.0,10.33,-3.0,7.33
T.J. Hockenson,TE,7,10.0,8.67,1.5,10.17
T.J. Hockenson,TE,8,4.0,7.67,-2.5,5.17
T.J. Hockenson,TE,9,9.0,7.67,-0.5,7.17
Tahj Brooks,RB,3,1.0,0.33,0.5,0.83
Tahj Brooks,RB,9,0.0,0.33,0.0,0.33
Tanner Conner,TE,5,3.0,3.0,-0.5,2.5
Tanner Conner,TE,6,1.0,2.0,-0.5,1.5
Tanner Conner,TE,7,3.0,2.33,0.0,2.33
Tanner Conner,TE,8,2.0,2.0,0.5,2.5
Tanner Hudson,TE,13,8.0,4.67,1.5,6.17
Tanner Hudson,TE,6,11.0,6.67,5.0,11.67
Tanner Hudson,TE,8,1.0,6.67,-3.5,3.17
Tanner Hudson,TE,9,6.0,6.0,-2.5,3.5
Taysom Hill,QB,13,1.0,1.33,-0.5,0.83
Taysom Hill,QB,5,0.0,0.67,-0.5,0.17
Taysom Hill,QB,6,6.0,2.33,2.5,4.83
Taysom Hill,QB,7,3.0,3.0,1.5,4.5
Taysom Hill,QB,8,1.0,3.33,-2.5,0.83
Taysom Hill,QB,9,3.0,2.33,0.0,2.33
Teddy Bridgewater,QB,7,0.0,0.67,0.0,0.67
Tee Higgins,WR,12,8.0,9.67,1.0,10.67
Tee Higgins,WR,2,14.0,12.33,-0.5,11.83
Tee Higgins,WR,3,2.0,8.0,-3.0,5.0
Tee Higgins,WR,4,6.0,7.33,-4.0,3.33
Tee Higgins,WR,5,11.0,6.33,4.5,10.83
Tee Higgins,WR,6,11.0,9.33,2.5,11.83
Tee Higgins,WR,7,21.0,14.33,5.0,19.33
Tee Higgins,WR,8,11.0,14.33,0.0,14.33
Tee Higgins,WR,9,33.0,21.67,6.0,27.67
Terrance Ferguson,TE,6,0.0,2.33,-2.0,0.33
Terrance Ferguson,TE,7,10.0,4.33,3.5,7.83
Terrance Ferguson,TE,9,7.0,5.67,3.5,9.17
Terrell Jennings,RB,7,1.0,0.33,0.5,0.83
Terrell Jennings,RB,8,1.0,0.67,0.5,1.17
Terrell Jennings,RB,9,10.0,4.0,4.5,8.5
Terry McLaurin,WR,2,9.0,11.67,2.5,14.17
Terry McLaurin,WR,3,10.0,13.67,-6.0,7.67
Terry McLaurin,WR,8,14.0,11.0,2.5,13.5
Tetairoa McMillan,WR,11,33.0,18.33,11.0,29.33
Tetairoa McMillan,WR,12,11.0,18.33,0.0,18.33
Tetairoa McMillan,WR,13,11.0,18.33,-11.0,7.33
Tetairoa McMillan,WR,2,16.0,12.67,2.5,15.17
Tetairoa McMillan,WR,3,7.0,11.33,-2.0,9.33
Tetairoa McMillan,WR,4,10.0,11.0,-3.0,8.0
Tetairoa McMillan,WR,5,13.0,10.0,3.0,13.0
Tetairoa McMillan,WR,6,17.0,13.33,3.5,16.83
Tetairoa McMillan,WR,7,6.0,12.0,-3.5,8.5
Tetairoa McMillan,WR,8,16.0,13.0,-0.5,12.5
Tetairoa McMillan,WR,9,8.0,10.0,1.0,11.0
Tez Johnson,WR,12,12.0,11.0,-4.0,7.0
Tez Johnson,WR,13,1.0,4.67,0.0,4.67
Tez Johnson,WR,4,1.0,4.67,-5.5,-0.83
Tez Johnson,WR,5,9.0,3.67,4.0,7.67
Tez Johnson,WR,6,11.0,7.0,5.0,12.0
Tez Johnson,WR,7,15.0,11.67,3.0,14.67
Tez Johnson,WR,8,9.0,11.67,-1.0,10.67
Theo Johnson,TE,11,6.0,7.0,2.5,9.5
Theo Johnson,TE,12,10.0,10.0,-2.0,8.0
Theo Johnson,TE,13,5.0,7.0,-0.5,6.5
Theo Johnson,TE,2,7.0,7.33,-1.5,5.83
Theo Johnson,TE,3,2.0,4.67,-1.5,3.17
Theo Johnson,TE,4,10.0,6.33,1.5,7.83
Theo Johnson,TE,5,21.0,11.0,9.5,20.5
Theo Johnson,TE,6,4.0,11.67,-3.0,8.67
Theo Johnson,TE,7,15.0,13.33,-3.0,10.33
Theo Johnson,TE,8,5.0,8.0,0.5,8.5
Theo Johnson,TE,9,11.0,10.33,-2.0,8.33
Tim Patrick,WR,3,2.0,5.0,-4.5,0.5
Tim Patrick,WR,4,1.0,1.67,-0.5,1.17
Tim Patrick,WR,6,9.0,4.0,3.5,7.5
Tim Patrick,WR,7,3.0,4.33,1.0,5.33
Tommy Tremble,TE,13,1.0,2.67,0.0,2.67
Tommy Tremble,TE,2,5.0,4.0,-0.5,3.5
Tommy Tremble,TE,3,3.0,3.0,1.0,4.0
Tommy Tremble,TE,4,15.0,7.67,5.0,12.67
Tommy Tremble,TE,5,1.0,6.33,-1.0,5.33
Tommy Tremble,TE,6,7.0,7.67,-4.0,3.67
Tommy Tremble,TE,7,1.0,3.0,0.0,3.0
Tommy Tremble,TE,8,1.0,3.0,-3.0,0.0
Tony Pollard,RB,12,8.0,7.0,0.0,7.0
Tony Pollard,RB,13,6.0,6.33,0.5,6.83
Tony Pollard,RB,2,9.0,7.67,0.5,8.17
Tony Pollard,RB,3,13.0,9.33,3.5,12.83
Tony Pollard,RB,4,10.0,10.67,0.5,11.17
Tony Pollard,RB,5,15.0,12.67,1.0,13.67
Tony Pollard,RB,6,6.0,10.33,-2.0,8.33
Tony Pollard,RB,7,11.0,10.67,-2.0,8.67
Tony Pollard,RB,8,5.0,7.33,-0.5,6.83
Tony Pollard,RB,9,7.0,7.67,-2.0,5.67
Tory Horton,WR,4,2.0,8.33,-4.5,3.83
Tory Horton,WR,5,12.0,8.67,0.0,8.67
Tory Horton,WR,9,20.0,11.33,9.0,20.33
Travis Etienne,RB,11,19.0,17.0,0.5,17.5
Travis Etienne,RB,12,20.0,17.67,3.0,20.67
Travis Etienne,RB,13,4.0,14.33,-7.5,6.83
Travis Etienne,RB,2,16.0,13.33,-2.0,11.33
Travis Etienne,RB,3,11.0,10.33,3.5,13.83
Travis Etienne,RB,4,19.0,15.33,1.5,16.83
Travis Etienne,RB,5,7.0,12.33,-2.0,10.33
Travis Etienne,RB,6,8.0,11.33,-5.5,5.83
Travis Etienne,RB,7,6.0,7.0,-0.5,6.5
Travis Etienne,RB,9,16.0,10.0,4.0,14.0
Travis Hunter,WR/DB,3,3.0,5.67,-3.0,2.67
Travis Hunter,WR/DB,4,7.0,5.0,1.0,6.0
Travis Hunter,WR/DB,5,9.0,6.33,3.0,9.33
Travis Hunter,WR/DB,6,5.0,7.0,-1.0,6.0
Travis Hunter,WR/DB,7,24.0,12.67,7.5,20.17
Travis Kelce,TE,12,8.0,14.67,-2.0,12.67
Travis Kelce,TE,13,15.0,15.67,-4.5,11.17
Travis Kelce,TE,2,10.0,11.0,1.0,12.0
Travis Kelce,TE,3,6.0,10.33,-4.5,5.83
Travis Kelce,TE,4,9.0,8.33,-0.5,7.83
Travis Kelce,TE,5,19.0,11.33,6.5,17.83
Travis Kelce,TE,6,13.0,13.67,2.0,15.67
Travis Kelce,TE,7,8.0,13.33,-5.5,7.83
Travis Kelce,TE,8,21.0,14.0,4.0,18.0
Travis Kelce,TE,9,12.0,13.67,2.0,15.67
Tre Harris,WR,11,2.0,2.0,0.0,2.0
Tre Harris,WR,13,6.0,3.33,2.0,5.33
Tre Harris,WR,2,5.0,4.33,1.5,5.83
Tre Harris,WR,6,6.0,5.67,0.0,5.67
Tre Harris,WR,7,4.0,5.0,-0.5,4.5
Tre Harris,WR,8,8.0,6.0,1.0,7.0
Tre Harris,WR,9,3.0,5.0,-0.5,4.5
Tre Tucker,WR,11,14.0,10.33,0.5,10.83
Tre Tucker,WR,12,5.0,7.67,0.5,8.17
Tre Tucker,WR,13,5.0,8.0,-4.5,3.5
Tre Tucker,WR,2,4.0,4.67,-0.5,4.17
Tre Tucker,WR,3,40.0,16.33,17.5,33.83
Tre Tucker,WR,4,3.0,15.67,-0.5,15.17
Tre Tucker,WR,5,10.0,17.67,-15.0,2.67
Tre Tucker,WR,6,12.0,8.33,4.5,12.83
Tre Tucker,WR,7,8.0,10.0,-1.0,9.0
Tre Tucker,WR,9,6.0,8.67,-3.0,5.67
TreVeyon Henderson,RB,11,32.0,23.0,11.0,34.0
TreVeyon Henderson,RB,12,10.0,23.0,-8.5,14.5
TreVeyon Henderson,RB,13,10.0,17.33,-11.0,6.33
TreVeyon Henderson,RB,2,6.0,8.67,-2.0,6.67
TreVeyon Henderson,RB,3,6.0,7.33,-2.0,5.33
TreVeyon Henderson,RB,4,12.0,8.0,3.0,11.0
TreVeyon Henderson,RB,5,4.0,7.33,-1.0,6.33
TreVeyon Henderson,RB,6,3.0,6.33,-4.5,1.83
TreVeyon Henderson,RB,7,0.0,2.33,-2.0,0.33
TreVeyon Henderson,RB,8,6.0,3.0,1.5,4.5
TreVeyon Henderson,RB,9,12.0,6.0,6.0,12.0
Trent Sherfield,WR,5,2.0,1.33,0.5,1.83
Trevor Etienne,RB,13,1.0,0.33,0.5,0.83
Trevor Etienne,RB,2,1.0,0.67,0.5,1.17
Trevor Etienne,RB,3,-1.0,0.33,-1.0,-0.67
Trevor Etienne,RB,4,3.0,1.0,1.0,2.0
Trevor Etienne,RB,5,3.0,1.67,2.0,3.67
Trevor Etienne,RB,6,1.0,2.33,-1.0,1.33
Trevor Etienne,RB,8,1.0,1.67,-1.0,0.67
Trevor Lawrence,QB,11,16.0,13.33,2.0,15.33
Trevor Lawrence,QB,12,23.0,17.0,5.5,22.5
Trevor Lawrence,QB,13,25.0,21.33,4.5,25.83
Trevor Lawrence,QB,2,24.0,24.0,0.5,24.5
Trevor Lawrence,QB,3,6.0,18.33,-9.5,8.83
Trevor Lawrence,QB,4,12.0,14.0,-6.0,8.0
Trevor Lawrence,QB,5,28.0,15.33,11.0,26.33
Trevor Lawrence,QB,6,22.0,20.67,5.0,25.67
Trevor Lawrence,QB,7,18.0,22.67,-5.0,17.67
Trevor Lawrence,QB,9,20.0,20.0,-1.0,19.0
Trey Benson,RB,3,7.0,7.33,0.0,7.33
Trey Benson,RB,4,9.0,8.0,0.5,8.5
Trey Lance,QB,5,2.0,1.0,0.5,1.5
Trey McBride,TE,11,27.0,22.0,7.5,29.5
Trey McBride,TE,12,16.0,23.33,-5.5,17.83
Trey McBride,TE,13,22.0,21.67,-2.5,19.17
Trey McBride,TE,2,13.0,17.0,-1.5,15.5
Trey McBride,TE,3,15.0,16.67,-3.5,13.17
Trey McBride,TE,4,12.0,13.33,-0.5,12.83
Trey McBride,TE,5,9.0,12.0,-3.0,9.0
Trey McBride,TE,6,21.0,14.0,4.5,18.5
Trey McBride,TE,7,29.0,19.67,10.0,29.67
Trey McBride,TE,9,16.0,22.0,-2.5,19.5
Treylon Burks,WR,9,2.0,5.67,-3.0,2.67
Troy Franklin,WR,11,12.0,11.67,2.0,13.67
Troy Franklin,WR,13,4.0,10.33,-5.5,4.83
Troy Franklin,WR,2,23.0,13.0,5.5,18.5
Troy Franklin,WR,3,2.0,9.67,-1.0,8.67
Troy Franklin,WR,4,9.0,11.33,-7.0,4.33
Troy Franklin,WR,5,8.0,6.33,3.0,9.33
Troy Franklin,WR,6,3.0,6.67,-3.0,3.67
Troy Franklin,WR,7,12.0,7.67,2.0,9.67
Troy Franklin,WR,8,26.0,13.67,11.5,25.17
Troy Franklin,WR,9,8.0,15.33,-2.0,13.33
Tua Tagovailoa,QB,11,6.0,9.0,-0.5,8.5
Tua Tagovailoa,QB,13,4.0,8.0,-5.0,3.0
Tua Tagovailoa,QB,2,22.0,10.67,8.0,18.67
Tua Tagovailoa,QB,3,16.0,14.0,6.0,20.0
Tua Tagovailoa,QB,4,19.0,19.0,-1.5,17.5
Tua Tagovailoa,QB,5,28.0,21.0,6.0,27.0
Tua Tagovailoa,QB,6,8.0,18.33,-5.5,12.83
Tua Tagovailoa,QB,7,-2.0,11.33,-15.0,-3.67
Tua Tagovailoa,QB,8,32.0,12.67,12.0,24.67
Tua Tagovailoa,QB,9,8.0,12.67,5.0,17.67
Tucker Kraft,TE,3,5.0,12.67,-2.0,10.67
Tucker Kraft,TE,4,10.0,13.0,-7.0,6.0
Tucker Kraft,TE,6,12.0,9.0,3.5,12.5
Tucker Kraft,TE,7,16.0,12.67,3.0,15.67
Tucker Kraft,TE,8,33.0,20.33,10.5,30.83
Tucker Kraft,TE,9,4.0,17.67,-6.0,11.67
Ty Johnson,RB,11,14.0,6.67,6.0,12.67
Ty Johnson,RB,12,7.0,8.33,1.5,9.83
Ty Johnson,RB,13,5.0,8.67,-4.5,4.17
Ty Johnson,RB,2,0.0,4.0,-3.5,0.5
Ty Johnson,RB,3,2.0,2.33,-1.5,0.83
Ty Johnson,RB,4,0.0,0.67,0.0,0.67
Ty Johnson,RB,5,1.0,1.0,-0.5,0.5
Ty Johnson,RB,6,2.0,1.0,1.0,2.0
Ty Johnson,RB,8,0.0,1.0,-0.5,0.5
Ty Johnson,RB,9,9.0,3.67,3.5,7.17
Tyjae Spears,RB,13,8.0,7.33,0.0,7.33
Tyjae Spears,RB,5,1.0,5.0,-2.5,2.5
Tyjae Spears,RB,6,8.0,5.67,0.0,5.67
Tyjae Spears,RB,7,6.0,5.0,2.5,7.5
Tyjae Spears,RB,8,16.0,10.0,4.0,14.0
Tyjae Spears,RB,9,8.0,10.0,1.0,11.0
Tylan Wallace,WR,8,1.0,4.33,-4.5,-0.17
Tyler Allgeier,RB,11,9.0,9.33,3.5,12.83
Tyler Allgeier,RB,12,5.0,10.33,-6.0,4.33
Tyler Allgeier,RB,13,13.0,9.0,2.0,11.0
Tyler Allgeier,RB,2,14.0,10.67,4.5,15.17
Tyler Allgeier,RB,3,1.0,9.33,-6.0,3.33
Tyler Allgeier,RB,4,11.0,8.67,-1.5,7.17
Tyler Allgeier,RB,6,10.0,7.33,4.5,11.83
Tyler Allgeier,RB,7,1.0,7.33,-5.0,2.33
Tyler Allgeier,RB,8,9.0,6.67,-0.5,6.17
Tyler Allgeier,RB,9,0.0,3.33,-0.5,2.83
Tyler Badie,RB,13,4.0,2.67,0.5,3.17
Tyler Badie,RB,2,3.0,2.67,1.0,3.67
Tyler Badie,RB,4,2.0,3.0,-1.0,2.0
Tyler Badie,RB,5,2.0,2.33,-0.5,1.83
Tyler Badie,RB,7,3.0,2.33,0.5,2.83
Tyler Badie,RB,8,0.0,1.67,-1.0,0.67
Tyler Badie,RB,9,2.0,1.67,-0.5,1.17
Tyler Conklin,TE,4,1.0,3.33,-3.0,0.33
Tyler Conklin,TE,5,5.0,2.67,1.5,4.17
Tyler Goodson,RB,4,1.0,0.33,0.5,0.83
Tyler Goodson,RB,8,0.0,0.33,0.0,0.33
Tyler Goodson,RB,9,1.0,0.67,0.0,0.67
Tyler Higbee,TE,2,7.0,5.33,0.5,5.83
Tyler Higbee,TE,4,4.0,4.67,0.5,5.17
Tyler Higbee,TE,6,14.0,8.33,3.5,11.83
Tyler Higbee,TE,7,4.0,7.33,0.0,7.33
Tyler Higbee,TE,9,10.0,9.33,-2.0,7.33
Tyler Johnson,WR,7,9.0,6.33,2.0,8.33
Tyler Johnson,WR,8,15.0,9.67,5.0,14.67
Tyler Lockett,WR,12,10.0,8.33,0.5,8.83
Tyler Lockett,WR,13,2.0,6.0,-2.0,4.0
Tyler Lockett,WR,2,2.0,4.67,-4.0,0.67
Tyler Lockett,WR,3,7.0,3.67,2.5,6.17
Tyler Lockett,WR,5,1.0,3.33,-0.5,2.83
Tyler Lockett,WR,6,1.0,3.0,-3.0,0.0
Tyler Lockett,WR,7,3.0,1.67,1.0,2.67
Tyler Shough,QB,13,21.0,17.33,-1.0,16.33
Tyler Shough,QB,3,0.0,9.67,-4.0,5.67
Tyler Shough,QB,8,4.0,8.33,-8.5,-0.17
Tyler Shough,QB,9,11.0,5.0,5.5,10.5
Tyler Warren,TE,12,9.0,13.33,-2.5,10.83
Tyler Warren,TE,13,11.0,12.33,-3.0,9.33
Tyler Warren,TE,2,11.0,10.33,1.0,11.33
Tyler Warren,TE,3,6.0,9.33,-2.5,6.83
Tyler Warren,TE,4,18.0,11.67,3.5,15.17
Tyler Warren,TE,5,14.0,12.67,4.0,16.67
Tyler Warren,TE,6,18.0,16.67,0.0,16.67
Tyler Warren,TE,7,16.0,16.0,1.0,17.0
Tyler Warren,TE,8,9.0,14.33,-4.5,9.83
Tyler Warren,TE,9,7.0,10.67,-4.5,6.17
Tyquan Thornton,WR,2,13.0,8.67,3.5,12.17
Tyquan Thornton,WR,3,18.0,12.67,5.5,18.17
Tyquan Thornton,WR,4,8.0,13.0,-2.5,10.5
Tyquan Thornton,WR,5,12.0,12.67,-3.0,9.67
Tyquan Thornton,WR,7,4.0,8.0,-2.0,6.0
Tyreek Hill,WR,3,15.0,13.0,3.5,16.5
Tyreek Hill,WR,4,12.0,14.33,-2.0,12.33
Tyrell Shavers,WR,3,4.0,8.67,0.5,9.17
Tyrell Shavers,WR,6,5.0,9.33,-7.0,2.33
Tyrell Shavers,WR,9,1.0,3.33,-1.5,1.83
Tyrod Taylor,QB,2,10.0,15.0,-1.5,13.5
Tyrod Taylor,QB,3,20.0,17.33,-1.0,16.33
Tyrod Taylor,QB,7,2.0,10.67,-4.0,6.67
Tyrone Tracy,RB,11,17.0,10.0,6.0,16.0
Tyrone Tracy,RB,12,15.0,13.33,3.5,16.83
Tyrone Tracy,RB,13,4.0,12.0,-6.5,5.5
Tyrone Tracy,RB,2,8.0,9.0,-3.5,5.5
Tyrone Tracy,RB,3,4.0,5.33,0.0,5.33
Tyrone Tracy,RB,6,0.0,4.0,-4.0,0.0
Tyrone Tracy,RB,7,10.0,4.67,3.0,7.67
Tyrone Tracy,RB,8,6.0,5.33,3.0,8.33
Tyrone Tracy,RB,9,5.0,7.0,-2.5,4.5
Van Jefferson,WR,13,5.0,6.0,-3.0,3.0
Van Jefferson,WR,2,3.0,3.33,0.5,3.83
Van Jefferson,WR,3,1.0,3.0,-2.0,1.0
Van Jefferson,WR,4,1.0,1.67,-1.0,0.67
Van Jefferson,WR,6,11.0,4.33,5.0,9.33
Van Jefferson,WR,7,8.0,6.67,3.5,10.17
Van Jefferson,WR,8,1.0,6.67,-5.0,1.67
Van Jefferson,WR,9,3.0,4.0,-2.5,1.5
Wan'Dale Robinson,WR,11,7.0,10.0,-2.0,8.0
Wan'Dale Robinson,WR,12,30.0,16.33,9.0,25.33
Wan'Dale Robinson,WR,13,10.0,15.67,1.5,17.17
Wan'Dale Robinson,WR,2,28.0,22.67,-1.0,21.67
Wan'Dale Robinson,WR,3,3.0,13.67,-3.5,10.17
Wan'Dale Robinson,WR,4,4.0,11.67,-12.0,-0.33
Wan'Dale Robinson,WR,5,8.0,5.0,2.5,7.5
Wan'Dale Robinson,WR,6,20.0,10.67,8.0,18.67
Wan'Dale Robinson,WR,7,15.0,14.33,3.5,17.83
Wan'Dale Robinson,WR,8,7.0,14.0,-6.5,7.5
Wan'Dale Robinson,WR,9,13.0,11.67,-1.0,10.67
Will Dissly,TE,6,3.0,2.0,0.5,2.5
Will Shipley,RB,13,2.0,2.67,0.0,2.67
Will Shipley,RB,5,1.0,2.33,-1.5,0.83
Will Shipley,RB,7,1.0,1.33,-0.5,0.83
Will Shipley,RB,8,0.0,0.67,-0.5,0.17
Xavier Gipson,WR,8,1.0,0.0,1.0,1.0
Xavier Hutchinson,WR,12,0.0,4.0,-2.5,1.5
Xavier Hutchinson,WR,13,5.0,4.0,-1.0,3.0
Xavier Hutchinson,WR,2,4.0,3.0,2.0,5.0
Xavier Hutchinson,WR,3,4.0,4.33,-0.5,3.83
Xavier Hutchinson,WR,4,3.0,3.67,-0.5,3.17
Xavier Hutchinson,WR,5,16.0,7.67,6.0,13.67
Xavier Hutchinson,WR,7,2.0,7.0,-0.5,6.5
Xavier Hutchinson,WR,8,17.0,11.67,0.5,12.17
Xavier Hutchinson,WR,9,6.0,8.33,2.0,10.33
Xavier Legette,WR,12,5.0,9.0,0.5,9.5
Xavier Legette,WR,13,1.0,8.0,-8.5,-0.5
Xavier Legette,WR,2,1.0,2.33,-2.0,0.33
Xavier Legette,WR,5,11.0,4.33,5.0,9.33
Xavier Legette,WR,6,3.0,5.0,1.0,6.0
Xavier Legette,WR,7,24.0,12.67,6.5,19.17
Xavier Legette,WR,8,3.0,10.0,0.0,10.0
Xavier Legette,WR,9,3.0,10.0,-10.5,-0.5
Xavier Smith,WR,11,1.0,2.33,-1.5,0.83
Xavier Smith,WR,13,11.0,4.67,4.5,9.17
Xavier Smith,WR,7,3.0,5.0,1.0,6.0
Xavier Smith,WR,9,3.0,5.67,-4.0,1.67
Xavier Worthy,WR,12,9.0,4.67,4.5,9.17
Xavier Worthy,WR,13,11.0,8.33,3.0,11.33
Xavier Worthy,WR,4,16.0,12.0,3.5,15.5
Xavier Worthy,WR,5,10.0,12.33,-0.5,11.83
Xavier Worthy,WR,6,10.0,12.0,-3.0,9.0
Xavier Worthy,WR,7,7.0,9.0,-1.5,7.5
Xavier Worthy,WR,8,10.0,9.0,0.0,9.0
Xavier Worthy,WR,9,5.0,7.33,-1.0,6.33
Zach Charbonnet,RB,11,6.0,10.0,-2.0,8.0
Zach Charbonnet,RB,12,9.0,9.67,-2.5,7.17
Zach Charbonnet,RB,13,11.0,8.67,2.5,11.17
Zach Charbonnet,RB,2,1.0,7.0,-4.0,3.0
Zach Charbonnet,RB,4,11.0,7.67,0.0,7.67
Zach Charbonnet,RB,5,11.0,7.67,5.0,12.67
Zach Charbonnet,RB,6,4.0,8.67,-3.5,5.17
Zach Charbonnet,RB,7,18.0,11.0,3.5,14.5
Zach Charbonnet,RB,9,5.0,9.0,0.5,9.5
Zach Ertz,TE,11,8.0,9.33,-1.5,7.83
Zach Ertz,TE,13,20.0,12.33,5.5,17.83
Zach Ertz,TE,2,18.0,15.33,5.0,20.33
Zach Ertz,TE,3,6.0,14.67,-7.0,7.67
Zach Ertz,TE,4,6.0,10.0,-6.0,4.0
Zach Ertz,TE,6,16.0,9.33,5.0,14.33
Zach Ertz,TE,7,12.0,11.33,3.0,14.33
Zach Ertz,TE,8,5.0,11.0,-5.5,5.5
Zach Ertz,TE,9,8.0,8.33,-2.0,6.33
Zamir White,RB,3,2.0,1.67,1.0,2.67
Zavier Scott,RB,4,16.0,8.0,7.0,15.0
Zavier Scott,RB,5,0.0,7.33,-3.0,4.33
Zavier Scott,RB,7,1.0,5.67,-7.5,-1.83
Zavier Scott,RB,8,3.0,1.33,1.5,2.83
Zay Flowers,WR,11,10.0,16.0,-8.5,7.5
Zay Flowers,WR,12,11.0,10.67,0.0,10.67
Zay Flowers,WR,13,1.0,7.33,-4.5,2.83
Zay Flowers,WR,2,14.0,8.67,1.5,10.17
Zay Flowers,WR,3,3.0,6.0,1.0,7.0
Zay Flowers,WR,4,14.0,10.33,0.0,10.33
Zay Flowers,WR,5,12.0,9.67,4.5,14.17
Zay Flowers,WR,6,9.0,11.67,-2.5,9.17
Zay Flowers,WR,8,13.0,11.33,0.5,11.83
Zay Flowers,WR,9,11.0,11.0,1.0,12.0
Zay Jones,WR,5,2.0,2.33,0.5,2.83
Zay Jones,WR,6,12.0,6.0,4.0,10.0
Zay Jones,WR,7,8.0,7.33,3.0,10.33
Zonovan Knight,RB,12,13.0,10.0,5.0,15.0
Zonovan Knight,RB,13,17.0,14.67,1.5,16.17
Zonovan Knight,RB,5,9.0,13.0,-2.0,11.0
Zonovan Knight,RB,6,12.0,12.67,-2.5,10.17
Zonovan Knight,RB,7,8.0,9.67,-0.5,9.17
Zonovan Knight,RB,9,6.0,8.67,-3.0,5.67
