Jonathan Taylor,IND,RB,26,12,12,0,0,0,0,0,226,1282,5.67,15,40,35,304,8.69,2,1,0,17,1,NULL,
Christian McCaffrey,SFO,RB,29,13,13,0,1,0,0,0,237,849,3.58,8,107,85,806,9.48,5,2,0,13,NULL,NULL,
Jahmyr Gibbs,DET,RB,23,12,12,0,0,0,0,0,175,1019,5.82,10,59,51,397,7.78,3,0,0,13,NULL,NULL,
Bijan Robinson,ATL,RB,23,12,12,0,0,0,0,0,195,995,5.10,5,68,54,594,11.00,2,2,1,7,1,NULL,
De'Von Achane,MIA,RB,24,12,12,0,0,0,0,0,186,1034,5.56,6,72,54,370,6.85,4,1,0,10,NULL,NULL,
James Cook,BUF,RB,26,12,12,0,0,0,0,0,231,1228,5.32,8,29,27,236,8.74,1,4,2,9,NULL,NULL,
Jaxon Smith-Njigba,SEA,WR,23,12,12,0,0,0,0,0,6,37,6.17,0,111,82,1336,16.29,7,2,1,7,NULL,NULL,
George Pickens,DAL,WR,24,12,10,0,0,0,0,0,0,0,NULL,0,105,73,1142,15.64,8,3,0,8,1,NULL,
Josh Allen,BUF,QB,29,12,12,243,350,2832,19,10,78,409,5.24,11,0,0,0,NULL,0,5,2,11,NULL,NULL,
Patrick Mahomes,KAN,QB,30,12,12,285,441,3238,22,7,55,348,6.33,4,0,0,0,NULL,0,3,0,4,NULL,2,
Davante Adams,LAR,WR,33,12,12,0,0,0,0,0,0,0,NULL,0,99,52,689,13.25,14,0,0,14,NULL,NULL,
Trey McBride,ARI,TE,26,12,12,0,0,0,0,0,0,0,NULL,0,118,88,879,9.99,8,0,0,8,NULL,NULL,
Drake Maye,NWE,QB,23,13,13,276,386,3412,23,6,81,319,3.94,2,1,1,2,2.00,0,6,2,2,1,NULL,
Javonte Williams,DAL,RB,25,12,12,0,0,0,0,0,198,955,4.82,8,42,31,128,4.13,2,2,2,10,NULL,NULL,
Derrick Henry,BAL,RB,31,12,12,0,1,0,0,0,197,931,4.73,10,18,14,142,10.14,0,3,2,10,NULL,NULL,
Josh Jacobs,GNB,RB,27,11,11,0,0,0,0,0,186,731,3.93,11,36,29,245,8.45,0,2,1,11,NULL,NULL,
Kyren Williams,LAR,RB,25,12,12,0,0,0,0,0,183,868,4.74,7,33,24,184,7.67,3,2,2,10,NULL,NULL,
Amon-Ra St. Brown,DET,WR,26,12,12,0,0,0,0,0,3,9,3.00,0,108,75,884,11.79,9,1,0,9,NULL,NULL,
Jalen Hurts,PHI,QB,27,12,12,226,342,2514,19,2,84,329,3.92,8,0,0,0,NULL,0,6,3,8,NULL,NULL,
Rico Dowdle,CAR,RB,27,13,7,0,0,0,0,0,192,929,4.84,5,36,29,254,8.76,1,1,0,6,NULL,NULL,
Puka Nacua,LAR,WR,24,11,10,0,0,0,0,0,6,73,12.17,1,107,86,1019,11.85,4,1,1,5,NULL,NULL,
Dak Prescott,DAL,QB,32,12,12,303,437,3261,25,8,41,124,3.02,2,0,0,0,NULL,0,4,1,2,NULL,2,
Travis Etienne,JAX,RB,26,12,12,0,0,0,0,0,181,843,4.66,5,38,25,173,6.92,2,1,0,7,NULL,NULL,
Ja'Marr Chase,CIN,WR,25,11,11,0,0,0,0,0,2,6,3.00,0,131,86,971,11.29,5,1,1,5,NULL,NULL,
Matthew Stafford,LAR,QB,37,12,12,266,401,3073,32,4,25,-10,-0.40,0,0,0,0,NULL,0,6,3,0,NULL,NULL,
Breece Hall,NYJ,RB,24,12,12,1,1,4,1,0,187,834,4.46,3,39,30,309,10.30,1,2,2,4,NULL,NULL,
Tetairoa McMillan,CAR,WR,22,13,13,0,0,0,0,0,0,0,NULL,0,98,57,826,14.49,6,0,0,6,NULL,NULL,
Travis Kelce,KAN,TE,36,12,12,0,0,0,0,0,1,1,1.00,0,78,59,719,12.19,5,0,0,5,1,NULL,
Ashton Jeanty,LVR,RB,22,12,12,0,0,0,0,0,181,635,3.51,4,54,43,251,5.84,4,2,1,8,NULL,NULL,
Emeka Egbuka,TAM,WR,23,12,11,0,0,0,0,0,2,9,4.50,0,101,52,791,15.21,6,0,0,6,1,NULL,
Saquon Barkley,PHI,RB,28,12,12,0,0,0,0,0,198,740,3.74,4,43,35,259,7.40,2,1,1,6,NULL,NULL,
D'Andre Swift,CHI,RB,26,11,11,0,0,0,0,0,160,774,4.84,5,36,25,237,9.48,1,2,2,6,NULL,NULL,
Drake London,ATL,WR,24,9,9,0,0,0,0,0,0,0,NULL,0,94,60,810,13.50,6,1,1,6,1,NULL,
Daniel Jones,IND,QB,28,12,12,256,377,3041,19,7,44,160,3.64,5,0,0,0,NULL,0,9,3,5,NULL,1,
Tyler Warren,IND,TE,23,12,8,0,1,0,0,0,5,6,1.20,1,78,58,684,11.79,4,1,0,5,NULL,NULL,
Caleb Williams,CHI,QB,24,12,12,230,396,2722,17,5,61,306,5.02,3,2,2,22,11.00,1,6,1,4,NULL,NULL,
Quinshon Judkins,CLE,RB,22,11,11,0,0,0,0,0,196,758,3.87,7,23,17,88,5.18,0,0,0,7,1,NULL,
Nico Collins,HOU,WR,26,11,11,0,0,0,0,0,2,15,7.50,1,95,57,795,13.95,4,1,1,5,1,NULL,
Justin Herbert,LAC,QB,27,12,12,265,396,2842,21,10,57,353,6.19,1,0,0,0,NULL,0,2,1,1,1,NULL,
Jameson Williams,DET,WR,24,12,10,0,0,0,0,0,5,5,1.00,0,63,38,706,18.58,6,0,0,6,NULL,NULL,
Jaylen Waddle,MIA,WR,27,12,12,1,1,8,0,0,0,0,NULL,0,79,52,762,14.65,5,0,0,5,NULL,NULL,
Michael Pittman Jr.,IND,WR,28,12,11,0,0,0,0,0,0,0,NULL,0,82,60,620,10.33,7,0,0,7,1,NULL,
Chris Olave,NOR,WR,25,12,12,0,1,0,0,1,1,-3,-3.00,0,115,73,781,10.70,5,0,0,5,NULL,NULL,
A.J. Brown,PHI,WR,28,11,11,0,0,0,0,0,0,0,NULL,0,87,56,699,12.48,6,0,0,6,NULL,NULL,
Hunter Henry,NWE,TE,31,13,13,0,0,0,0,0,0,0,NULL,0,69,45,610,13.56,5,0,0,5,NULL,NULL,
Bo Nix,DEN,QB,25,12,12,266,432,2742,19,9,52,229,4.40,3,1,0,0,NULL,0,3,1,3,NULL,4,
Brock Bowers,LVR,TE,23,9,5,0,0,0,0,0,2,2,1.00,0,68,49,573,11.69,5,0,0,5,1,NULL,
Jake Ferguson,DAL,TE,26,12,7,0,0,0,0,0,1,1,1.00,0,83,70,496,7.09,7,2,1,7,NULL,NULL,
Courtland Sutton,DEN,WR,30,12,12,0,0,0,0,0,0,0,NULL,0,80,50,711,14.22,5,0,0,5,1,NULL,
Jared Goff,DET,QB,31,12,12,264,378,3025,25,5,13,46,3.54,0,0,0,0,NULL,0,3,2,0,NULL,NULL,
Chase Brown,CIN,RB,25,12,12,0,0,0,0,0,160,704,4.40,2,64,48,287,5.98,1,2,0,3,1,NULL,
Tee Higgins,CIN,WR,26,11,11,0,0,0,0,0,0,0,NULL,0,70,40,575,14.38,7,0,0,7,1,NULL,
Rome Odunze,CHI,WR,23,12,12,0,0,0,0,0,0,0,NULL,0,90,44,661,15.02,6,0,0,6,NULL,NULL,
Wan'Dale Robinson,NYG,WR,24,13,12,0,0,0,0,0,2,2,1.00,0,110,73,828,11.34,3,1,0,3,NULL,NULL,
Jaylen Warren,PIT,RB,27,11,10,0,0,0,0,0,151,639,4.23,4,32,27,228,8.44,1,0,0,5,NULL,NULL,
TreVeyon Henderson,NWE,RB,23,13,4,0,0,0,0,0,129,625,4.84,5,38,32,199,6.22,1,1,1,6,NULL,NULL,
Tucker Kraft,GNB,TE,25,8,8,0,0,0,0,0,1,3,3.00,0,44,32,489,15.28,6,0,0,6,NULL,NULL,
DeVonta Smith,PHI,WR,27,12,12,0,0,0,0,0,0,0,NULL,0,86,60,802,13.37,3,0,0,3,NULL,NULL,
Ladd McConkey,LAC,WR,24,12,9,0,0,0,0,0,0,0,NULL,0,90,58,683,11.78,5,0,0,5,NULL,NULL,
Kenneth Walker III,SEA,RB,25,12,12,0,0,0,0,0,160,733,4.58,4,23,20,175,8.75,0,0,0,4,NULL,NULL,
D.K. Metcalf,PIT,WR,28,12,12,0,0,0,0,0,2,12,6.00,1,75,45,605,13.44,5,0,0,6,NULL,NULL,
Dallas Goedert,PHI,TE,30,11,11,0,0,0,0,0,0,0,NULL,0,56,40,403,10.08,7,0,0,7,NULL,NULL,
Deebo Samuel,WAS,WR,29,11,7,0,0,0,0,0,13,49,3.77,1,75,58,534,9.21,5,2,0,6,NULL,NULL,
Quentin Johnston,LAC,WR,24,11,8,0,0,0,0,0,2,7,3.50,0,68,40,525,13.13,7,1,1,7,NULL,NULL,
David Montgomery,DET,RB,28,12,0,1,2,3,1,0,123,543,4.41,6,24,20,151,7.55,0,2,1,6,1,NULL,
Kareem Hunt,KAN,RB,30,12,4,0,0,0,0,0,130,515,3.96,7,18,14,114,8.14,1,2,1,8,NULL,NULL,
CeeDee Lamb,DAL,WR,26,9,8,0,0,0,0,0,1,2,2.00,0,81,51,744,14.59,3,0,0,3,NULL,NULL,
Justin Jefferson,MIN,WR,26,12,12,0,0,0,0,0,1,4,4.00,0,105,62,799,12.89,2,0,0,2,NULL,NULL,
Theo Johnson,NYG,TE,24,13,13,0,0,0,0,0,0,0,NULL,0,68,42,456,10.86,5,0,0,5,NULL,NULL,
Zach Ertz,WAS,TE,35,12,12,0,0,0,0,0,0,0,NULL,0,70,49,493,10.06,4,1,0,4,1,NULL,
Tre Tucker,LVR,WR,24,12,12,0,0,0,0,0,6,36,6.00,0,67,44,550,12.50,5,0,0,5,NULL,NULL,
Rashee Rice,KAN,WR,25,6,6,0,0,0,0,0,5,20,4.00,1,59,42,486,11.57,5,2,0,6,1,NULL,
Stefon Diggs,NWE,WR,32,13,13,0,0,0,0,0,0,0,NULL,0,79,64,705,11.02,3,0,0,3,NULL,NULL,
Baker Mayfield,TAM,QB,30,12,12,243,387,2600,19,5,37,243,6.57,1,0,0,0,NULL,0,8,2,1,NULL,1,
Jordan Love,GNB,QB,27,12,12,242,361,2794,19,3,41,164,4.00,0,0,0,0,NULL,0,6,2,0,NULL,2,
Trevor Lawrence,JAX,QB,26,12,12,236,395,2636,16,11,57,235,4.12,5,0,0,0,NULL,0,5,3,5,1,NULL,
Jaxson Dart,NYG,QB,22,10,8,145,228,1556,11,3,61,337,5.52,7,0,0,0,NULL,0,3,2,7,NULL,1,
Sam Darnold,SEA,QB,28,12,12,221,324,2913,19,10,16,49,3.06,0,0,0,0,NULL,0,7,5,0,NULL,NULL,
Bryce Young,CAR,QB,24,12,12,230,363,2337,18,9,32,121,3.78,1,0,0,0,NULL,0,6,4,1,NULL,1,
Lamar Jackson,BAL,QB,28,9,9,147,227,1841,15,4,52,264,5.08,1,0,0,0,NULL,0,6,3,1,NULL,1,
Aaron Rodgers,PIT,QB,42,11,11,202,310,2086,19,7,15,26,1.73,0,0,0,0,NULL,0,3,1,0,NULL,1,
Jacoby Brissett,ARI,QB,33,9,7,204,302,2188,13,4,27,116,4.30,1,0,0,0,NULL,0,4,3,1,NULL,1,
Joe Flacco,2TM,QB,40,10,10,247,410,2451,15,10,16,31,1.94,1,0,0,0,NULL,0,3,3,1,NULL,2,
Geno Smith,LVR,QB,35,12,12,253,376,2532,15,14,39,104,2.67,0,0,0,0,NULL,0,4,1,0,NULL,1,
Justin Fields,NYJ,QB,26,9,9,128,204,1259,7,1,71,383,5.39,4,1,0,0,NULL,0,4,3,4,2,3,
Tua Tagovailoa,MIA,QB,27,12,12,225,335,2280,17,14,18,42,2.33,0,0,0,0,NULL,0,7,1,0,NULL,1,
Mac Jones,SFO,QB,27,10,8,201,289,2151,13,6,33,63,1.91,0,0,0,0,NULL,0,4,2,0,NULL,1,
C.J. Stroud,HOU,QB,24,9,9,183,277,1978,11,6,30,189,6.30,0,0,0,0,NULL,0,0,0,0,NULL,NULL,
Michael Penix,ATL,QB,25,9,9,166,276,1982,9,3,21,70,3.33,1,0,0,0,NULL,0,4,2,1,NULL,1,
Cam Ward,TEN,QB,23,12,12,246,412,2351,7,6,28,123,4.39,1,0,0,0,NULL,0,9,6,1,NULL,NULL,
Jayden Daniels,WAS,QB,25,6,6,105,168,1184,8,2,54,262,4.85,2,0,0,0,NULL,0,3,2,2,NULL,1,
Marcus Mariota,WAS,QB,32,8,6,120,190,1359,9,6,37,248,6.70,1,0,0,0,NULL,0,3,1,1,NULL,1,
J.K. Dobbins,DEN,RB,27,10,9,0,0,0,0,0,153,772,5.05,4,14,11,37,3.36,0,0,0,4,NULL,NULL,
Cam Skattebo,NYG,RB,23,8,5,0,0,0,0,0,101,410,4.06,5,32,24,207,8.63,2,1,1,7,1,NULL,
Kyle Monangai,CHI,RB,23,12,1,0,0,0,0,0,121,591,4.88,5,17,10,97,9.70,0,0,0,5,NULL,NULL,
Zach Charbonnet,SEA,RB,24,11,0,0,0,0,0,0,125,437,3.50,8,10,9,67,7.44,0,0,0,8,NULL,NULL,
RJ Harvey,DEN,RB,24,12,3,0,1,0,0,0,74,279,3.77,4,36,31,222,7.16,4,0,0,8,NULL,NULL,
Spencer Rattler,NOR,QB,25,8,8,174,256,1586,8,5,31,167,5.39,0,2,1,0,0.00,0,4,2,0,NULL,NULL,
Woody Marks,HOU,RB,25,12,4,0,0,0,0,0,134,486,3.63,2,27,18,188,10.44,2,1,0,4,NULL,NULL,
Kenneth Gainwell,PIT,RB,26,12,2,0,0,0,0,0,76,356,4.68,3,51,44,259,5.89,2,2,1,5,NULL,NULL,
Jordan Mason,MIN,RB,26,12,4,0,0,0,0,0,122,578,4.74,5,15,13,45,3.46,0,3,1,5,NULL,NULL,
Tyler Allgeier,ATL,RB,25,12,1,0,0,0,0,0,97,344,3.55,8,11,10,66,6.60,0,0,0,8,NULL,NULL,
Troy Franklin,DEN,WR,22,12,6,0,0,0,0,0,4,9,2.25,0,84,48,530,11.04,5,1,1,5,3,NULL,
Chuba Hubbard,CAR,RB,26,11,6,0,0,0,0,0,111,433,3.90,1,32,23,194,8.43,3,0,0,4,NULL,NULL,
Keenan Allen,LAC,WR,33,12,2,0,0,0,0,0,0,0,NULL,0,91,60,622,10.37,4,1,0,4,NULL,NULL,
Romeo Doubs,GNB,WR,25,12,12,0,0,0,0,0,0,0,NULL,0,71,45,542,12.04,5,1,0,5,1,NULL,
Marvin Harrison Jr.,ARI,WR,23,10,10,0,0,0,0,0,0,0,NULL,0,69,40,594,14.85,4,0,0,4,1,NULL,
Kimani Vidal,LAC,RB,24,9,7,0,0,0,0,0,121,543,4.49,3,17,13,63,4.85,1,1,0,4,NULL,NULL,
Kayshon Boutte,NWE,WR,23,11,8,0,0,0,0,0,0,0,NULL,0,38,29,481,16.59,6,0,0,6,NULL,NULL,
Zay Flowers,BAL,WR,25,12,12,0,0,0,0,0,8,42,5.25,0,84,60,767,12.78,1,2,2,1,NULL,NULL,
D.J. Moore,CHI,WR,28,12,12,1,1,2,1,0,14,67,4.79,1,63,38,502,13.21,3,1,1,4,NULL,NULL,
Rachaad White,TAM,RB,26,12,8,0,0,0,0,0,106,421,3.97,4,36,32,170,5.31,0,0,0,4,NULL,NULL,
Alec Pierce,IND,WR,25,10,9,0,0,0,0,0,0,0,NULL,0,59,33,689,20.88,2,0,0,2,NULL,NULL,
Tony Pollard,TEN,RB,28,12,12,0,0,0,0,0,150,582,3.88,2,34,27,171,6.33,0,3,3,2,NULL,NULL,
Jacory Croskey-Merritt,WAS,RB,24,12,5,0,0,0,0,0,118,518,4.39,4,13,9,68,7.56,0,2,2,4,NULL,NULL,
Kyler Murray,ARI,QB,28,5,5,110,161,962,6,3,29,173,5.97,1,0,0,0,NULL,0,1,1,1,NULL,NULL,
Brock Purdy,SFO,QB,26,5,5,106,160,1147,9,7,16,43,2.69,1,0,0,0,NULL,0,1,1,1,NULL,1,
Marquise Brown,KAN,WR,28,12,5,0,0,0,0,0,0,0,NULL,0,60,41,459,11.20,5,1,0,5,NULL,NULL,
Jauan Jennings,SFO,WR,28,11,11,0,0,0,0,0,0,0,NULL,0,69,41,458,11.17,5,1,1,5,1,NULL,
Parker Washington,JAX,WR,23,12,6,0,0,0,0,0,6,5,0.83,0,63,36,447,12.42,3,1,0,5,NULL,NULL,
Mark Andrews,BAL,TE,30,12,8,0,0,0,0,0,9,45,5.00,1,52,37,332,8.97,5,1,0,6,NULL,NULL,
Juwan Johnson,NOR,TE,29,12,7,0,0,0,0,0,0,0,NULL,0,76,54,576,10.67,3,1,1,3,NULL,NULL,
Khalil Shakir,BUF,WR,25,12,8,0,0,0,0,0,1,5,5.00,0,75,55,569,10.35,3,1,1,3,NULL,NULL,
Jakobi Meyers,2TM,WR,29,11,8,0,0,0,0,0,1,3,3.00,0,70,51,597,11.71,2,0,0,2,NULL,NULL,
Nick Chubb,HOU,RB,30,12,8,0,0,0,0,0,114,469,4.11,3,19,12,58,4.83,0,0,0,3,NULL,NULL,
Dillon Gabriel,CLE,QB,25,9,6,110,185,937,7,2,14,86,6.14,0,0,0,0,NULL,0,0,0,0,NULL,NULL,
Tyrone Tracy Jr.,NYG,RB,26,11,7,0,0,0,0,0,113,434,3.84,1,31,22,203,9.23,0,0,0,1,NULL,NULL,
Carson Wentz,MIN,QB,33,5,5,110,169,1216,6,5,11,57,5.18,0,0,0,0,NULL,0,3,0,0,NULL,1,
Dalton Kincaid,BUF,TE,26,8,3,0,0,0,0,0,0,0,NULL,0,36,29,448,15.45,4,1,0,4,NULL,NULL,
George Kittle,SFO,TE,32,8,8,0,0,0,0,0,1,-3,-3.00,0,45,37,396,10.70,5,0,0,5,NULL,NULL,
Harold Fannin,CLE,TE,21,12,10,0,0,0,0,0,5,10,2.00,0,74,51,505,9.90,3,1,1,3,NULL,NULL,
Alvin Kamara,NOR,RB,30,11,11,0,0,0,0,0,131,471,3.60,1,39,33,186,5.64,0,2,2,1,NULL,NULL,
Zonovan Knight,ARI,RB,24,10,6,0,0,0,0,0,74,255,3.45,4,25,19,142,7.47,1,1,1,5,NULL,NULL,
Rashid Shaheed,2TM,WR,27,13,11,0,0,0,0,0,7,41,5.86,0,77,48,536,11.17,2,2,1,2,NULL,NULL,
Rhamondre Stevenson,NWE,RB,27,10,9,0,0,0,0,0,101,324,3.21,3,24,20,214,10.70,0,3,3,3,1,NULL,
AJ Barner,SEA,TE,23,12,12,0,0,0,0,0,9,13,1.44,1,46,37,359,9.70,4,2,0,5,NULL,NULL,
Bucky Irving,TAM,RB,23,5,4,0,0,0,0,0,88,298,3.39,1,21,21,213,10.14,2,1,1,3,NULL,NULL,
Sam LaPorta,DET,TE,24,9,9,0,0,0,0,0,0,0,NULL,0,49,40,489,12.23,3,0,0,3,NULL,NULL,
Davis Mills,HOU,QB,27,5,3,88,150,879,5,1,12,48,4.00,1,0,0,0,NULL,0,1,0,1,NULL,1,
J.J. McCarthy,MIN,QB,22,6,6,86,159,929,6,10,23,120,5.22,2,0,0,0,NULL,0,5,1,2,NULL,1,
Jordan Addison,MIN,WR,23,9,8,0,0,0,0,0,1,16,16.00,0,63,33,448,13.58,3,0,0,3,NULL,NULL,
Bhayshul Tuten,JAX,RB,23,12,0,0,0,0,0,0,75,272,3.63,4,13,9,63,7.00,1,0,0,5,NULL,NULL,
Garrett Wilson,NYJ,WR,25,7,7,0,0,0,0,0,0,0,NULL,0,59,36,395,10.97,4,1,0,4,NULL,NULL,
Oronde Gadsden II,LAC,TE,22,10,5,0,0,0,0,0,0,0,NULL,0,51,38,534,14.05,2,1,1,2,NULL,NULL,
Emanuel Wilson,GNB,RB,26,12,1,0,0,0,0,0,85,341,4.01,3,15,13,87,6.69,0,1,0,3,1,NULL,
Michael Wilson,ARI,WR,25,12,8,0,0,0,0,0,0,0,NULL,0,78,50,570,11.40,1,0,0,1,NULL,NULL,
Dalton Schultz,HOU,TE,29,12,4,0,0,0,0,0,0,0,NULL,0,80,59,552,9.36,1,0,0,1,NULL,NULL,
Devin Singletary,NYG,RB,28,13,1,0,0,0,0,0,86,306,3.56,3,13,12,126,10.50,0,0,0,3,NULL,NULL,
Tyrod Taylor,NYJ,QB,36,5,3,79,130,773,5,4,27,143,5.30,1,0,0,0,NULL,0,1,1,1,NULL,NULL,
Sean Tucker,TAM,RB,24,12,0,0,0,0,0,0,65,277,4.26,4,10,8,34,4.25,1,1,0,5,NULL,NULL,
Demario Douglas,NWE,WR,25,13,0,0,0,0,0,0,6,16,2.67,0,39,27,402,14.89,3,0,0,3,NULL,NULL,
Jayden Higgins,HOU,WR,23,12,7,0,0,0,0,0,0,0,NULL,0,50,32,359,11.22,4,0,0,4,NULL,NULL,
Tez Johnson,TAM,WR,23,11,7,0,0,0,0,0,6,17,2.83,0,39,24,287,11.96,5,0,0,5,NULL,NULL,
Kyle Pitts,ATL,TE,25,12,12,0,0,0,0,0,0,0,NULL,0,75,56,541,9.66,1,0,0,1,NULL,NULL,
Colston Loveland,CHI,TE,21,11,8,0,0,0,0,0,0,0,NULL,0,44,31,406,13.10,3,0,0,3,NULL,NULL,
Tyler Shough,NOR,QB,26,6,4,107,164,1068,5,4,21,51,2.43,0,0,0,0,NULL,0,2,2,0,1,NULL,
Brian Thomas,JAX,WR,23,9,9,0,0,0,0,0,2,16,8.00,1,63,32,448,14.00,1,0,0,2,NULL,NULL,
Omarion Hampton,LAC,RB,22,5,5,0,0,0,0,0,66,314,4.76,2,22,20,136,6.80,0,1,0,2,NULL,NULL,
Chris Rodriguez,WAS,RB,25,10,5,0,0,0,0,0,71,320,4.51,4,2,1,6,6.00,0,0,0,4,NULL,NULL,
Keon Coleman,BUF,WR,22,10,6,0,0,0,0,0,0,0,NULL,0,52,34,339,9.97,4,1,1,4,NULL,NULL,
Mack Hollins,NWE,WR,32,13,11,0,0,0,0,0,1,4,4.00,0,48,35,440,12.57,2,0,0,2,NULL,NULL,
Blake Corum,LAR,RB,25,12,0,0,0,0,0,0,89,422,4.74,2,10,5,10,2.00,0,0,0,2,NULL,NULL,
Aaron Jones,MIN,RB,31,8,8,0,0,0,0,0,67,300,4.48,1,30,20,150,7.50,1,2,1,2,NULL,NULL,
Tyquan Thornton,KAN,WR,25,12,3,0,0,0,0,0,0,0,NULL,0,31,15,372,24.80,3,0,0,3,NULL,NULL,
Christian Watson,GNB,WR,26,6,6,0,0,0,0,0,1,3,3.00,0,34,21,363,17.29,3,0,0,3,NULL,NULL,
Xavier Worthy,KAN,WR,22,10,10,0,0,0,0,0,9,86,9.56,0,59,35,401,11.46,1,0,0,1,NULL,NULL,
Pat Freiermuth,PIT,TE,27,12,4,0,0,0,0,0,0,0,NULL,0,32,26,298,11.46,4,0,0,4,NULL,NULL,
Josh Downs,IND,WR,24,11,6,0,0,0,0,0,0,0,NULL,0,59,40,370,9.25,3,1,1,3,NULL,NULL,
Isiah Pacheco,KAN,RB,26,9,8,0,0,0,0,0,81,345,4.26,1,19,13,60,4.62,1,0,0,2,NULL,NULL,
Tory Horton,SEA,WR,23,8,3,0,0,0,0,0,0,0,NULL,0,22,13,161,12.38,5,0,0,6,NULL,NULL,
Chimere Dike,TEN,WR,24,12,7,0,0,0,0,0,9,18,2.00,0,47,29,260,8.97,2,2,1,4,NULL,NULL,
Xavier Hutchinson,HOU,WR,25,12,4,0,0,0,0,0,2,14,7.00,0,39,26,303,11.65,3,0,0,3,NULL,NULL,
Malik Washington,MIA,WR,24,12,3,0,0,0,0,0,13,78,6.00,0,52,37,264,7.14,2,1,1,3,NULL,NULL,
Russell Wilson,NYG,QB,37,6,3,69,119,831,3,3,18,106,5.89,0,0,0,0,NULL,0,3,0,0,NULL,NULL,
Jake Browning,CIN,QB,29,5,3,81,125,771,6,8,9,39,4.33,1,0,0,0,NULL,0,1,0,1,NULL,NULL,
Kendrick Bourne,SFO,WR,30,12,7,0,0,0,0,0,0,0,NULL,0,43,31,482,15.55,0,0,0,0,NULL,NULL,
T.J. Hockenson,MIN,TE,28,12,12,0,0,0,0,0,1,0,0.00,0,57,44,358,8.14,2,0,0,2,NULL,NULL,
Andrei Iosivas,CIN,WR,26,12,6,0,0,0,0,0,3,14,4.67,0,44,24,346,14.42,2,0,0,2,NULL,NULL,
Cooper Kupp,SEA,WR,32,11,11,0,1,0,0,1,0,0,NULL,0,50,34,438,12.88,1,0,0,1,NULL,NULL,
Xavier Legette,CAR,WR,24,11,11,0,0,0,0,0,1,0,0.00,0,53,28,287,10.25,3,1,0,3,NULL,NULL,
Jalen Nailor,MIN,WR,26,12,6,0,0,0,0,0,1,15,15.00,0,39,20,318,15.90,2,0,0,2,1,NULL,
David Njoku,CLE,TE,29,11,10,0,0,0,0,0,0,0,NULL,0,47,32,292,9.13,3,0,0,3,NULL,NULL,
Brian Robinson Jr.,SFO,RB,26,13,0,0,0,0,0,0,72,328,4.56,2,10,7,19,2.71,0,0,0,2,NULL,NULL,
Darius Slayton,NYG,WR,28,10,9,0,0,0,0,0,0,0,NULL,0,39,26,407,15.65,1,1,1,1,1,NULL,
Jake Tonges,SFO,TE,26,13,1,0,0,0,0,0,0,0,NULL,0,35,26,226,8.69,4,0,0,4,NULL,NULL,
Elic Ayomanor,TEN,WR,22,11,10,0,0,0,0,0,0,0,NULL,0,64,29,339,11.69,2,0,0,2,NULL,NULL,
Greg Dortch,ARI,WR,27,12,3,0,0,0,0,0,7,15,2.14,1,33,29,206,7.10,3,1,0,4,NULL,NULL,
Jerry Jeudy,CLE,WR,26,12,12,0,0,0,0,0,0,0,NULL,0,80,35,421,12.03,1,1,1,1,NULL,NULL,
Justice Hill,BAL,RB,28,10,0,0,0,0,0,0,18,93,5.17,2,27,21,169,8.05,1,1,0,3,NULL,NULL,
Dylan Sampson,CLE,RB,21,12,1,0,0,0,0,0,42,112,2.67,0,28,23,195,8.48,2,0,0,2,NULL,NULL,
Sterling Shepard,TAM,WR,32,12,1,0,0,0,0,0,4,19,4.75,0,52,38,366,9.63,1,1,1,1,NULL,NULL,
Dontayvion Wicks,GNB,WR,24,10,6,0,0,0,0,0,1,6,6.00,0,41,26,307,11.81,2,0,0,2,NULL,NULL,
Terry McLaurin,WAS,WR,30,5,5,0,0,0,0,0,0,0,NULL,0,35,20,299,14.95,2,0,0,2,NULL,NULL,
Jeremy McNichols,WAS,RB,30,12,0,0,0,0,0,0,32,211,6.59,1,22,17,149,8.76,0,0,0,1,NULL,NULL,
Jameis Winston,NYG,QB,31,2,2,37,65,567,2,2,7,23,3.29,1,1,1,33,33.00,1,1,1,2,NULL,NULL,
Luther Burden,CHI,WR,22,11,2,0,0,0,0,0,4,24,6.00,0,34,26,328,12.62,1,0,0,1,NULL,NULL,
Evan Engram,DEN,TE,31,11,1,0,0,0,0,0,1,7,7.00,0,59,38,339,8.92,1,0,0,1,NULL,NULL,
Noah Fant,CIN,TE,28,11,5,0,0,0,0,0,0,0,NULL,0,37,32,268,8.38,3,2,2,3,NULL,NULL,
Marvin Mims,DEN,WR,23,10,2,0,0,0,0,0,9,65,7.22,1,34,24,242,10.08,1,2,1,2,NULL,NULL,
Chigoziem Okonkwo,TEN,TE,26,12,9,0,0,0,0,0,0,0,NULL,0,51,39,406,10.41,0,0,0,0,NULL,NULL,
Cade Otton,TAM,TE,26,12,12,0,0,0,0,0,0,0,NULL,0,62,43,411,9.56,0,0,0,0,NULL,NULL,
Calvin Austin III,PIT,WR,26,10,7,0,0,0,0,0,0,0,NULL,0,44,26,278,10.69,2,0,0,2,NULL,NULL,
Ty Johnson,BUF,RB,28,12,0,0,0,0,0,0,23,95,4.13,1,21,14,181,12.93,1,1,0,2,NULL,NULL,
Luke McCaffrey,WAS,WR,24,9,0,0,0,0,0,0,0,0,NULL,0,15,11,203,18.45,3,0,0,3,1,NULL,
Brenton Strange,JAX,TE,25,7,7,0,0,0,0,0,0,0,NULL,0,33,28,342,12.21,1,0,0,1,NULL,NULL,
Mason Taylor,NYJ,TE,21,12,11,0,0,0,0,0,0,0,NULL,0,57,39,318,8.15,1,0,0,1,1,NULL,
Darren Waller,MIA,TE,33,5,2,0,0,0,0,0,0,0,NULL,0,15,12,164,13.67,4,0,0,4,NULL,NULL,
Michael Carter,ARI,RB,26,8,2,0,0,0,0,0,50,152,3.04,1,28,22,176,8.00,0,0,0,1,NULL,NULL,
Malik Nabers,NYG,WR,22,4,4,0,0,0,0,0,0,0,NULL,0,35,18,271,15.06,2,0,0,2,NULL,NULL,
Tyjae Spears,TEN,RB,24,8,0,0,0,0,0,0,39,158,4.05,1,30,28,173,6.18,0,0,0,1,NULL,NULL,
Kirk Cousins,ATL,QB,37,5,3,69,108,683,3,1,5,9,1.80,0,0,0,0,NULL,0,1,0,0,NULL,NULL,
Ryan Flournoy,DAL,WR,26,12,2,0,0,0,0,0,4,25,6.25,0,29,20,234,11.70,2,0,0,2,NULL,NULL,
Ollie Gordon,MIA,RB,21,12,1,0,0,0,0,0,53,174,3.28,2,8,6,30,5.00,1,0,0,3,NULL,NULL,
DeAndre Hopkins,BAL,WR,33,12,3,0,0,0,0,0,0,0,NULL,0,29,17,257,15.12,2,0,0,2,NULL,NULL,
Darnell Mooney,ATL,WR,28,10,10,0,0,0,0,0,0,0,NULL,0,50,21,323,15.38,1,1,0,1,NULL,NULL,
Travis Hunter,JAX,WR,22,7,4,0,0,0,0,0,1,0,0.00,0,45,28,298,10.64,1,1,0,1,NULL,NULL,
JuJu Smith-Schuster,KAN,WR,29,12,7,0,0,0,0,0,0,0,NULL,0,33,26,299,11.50,1,0,0,1,NULL,NULL,
KaVontae Turpin,DAL,WR,29,10,2,0,0,0,0,0,12,63,5.25,0,28,19,260,13.68,1,1,1,1,NULL,NULL,
Darnell Washington,PIT,TE,24,12,9,0,0,0,0,0,0,0,NULL,0,32,22,276,12.55,1,1,0,1,1,NULL,
Olamide Zaccheaus,CHI,WR,28,12,3,0,0,0,0,0,4,25,6.25,0,54,35,273,7.80,1,0,0,1,NULL,NULL,
Joe Burrow,CIN,QB,29,3,3,45,82,450,4,0,5,11,2.20,0,0,0,0,NULL,0,0,0,0,NULL,NULL,
Emari Demercado,ARI,RB,26,9,0,0,0,0,0,0,31,241,7.77,0,12,8,64,8.00,1,1,1,1,NULL,NULL,
Gunnar Helm,TEN,TE,23,12,7,0,0,0,0,0,0,0,NULL,0,44,36,290,8.06,1,0,0,1,NULL,NULL,
Cole Kmet,CHI,TE,26,11,10,0,1,0,0,0,0,0,NULL,0,32,20,231,11.55,2,0,0,2,NULL,NULL,
Adonai Mitchell,2TM,WR,23,11,2,0,0,0,0,0,0,0,NULL,0,41,20,306,15.30,1,1,1,1,NULL,NULL,
Colby Parkinson,LAR,TE,26,10,5,0,0,0,0,0,0,0,NULL,0,26,23,191,8.30,3,1,1,3,NULL,NULL,
Ricky Pearsall,SFO,WR,25,7,7,0,0,0,0,0,2,-2,-1.00,0,38,25,347,13.88,0,0,0,0,NULL,NULL,
Rashod Bateman,BAL,WR,26,10,9,0,0,0,0,0,0,0,NULL,0,32,16,194,12.13,2,0,0,2,1,NULL,
Pat Bryant,DEN,WR,23,12,5,0,0,0,0,0,0,0,NULL,0,32,18,273,15.17,1,0,0,1,NULL,NULL,
Matthew Golden,GNB,WR,22,9,4,0,0,0,0,0,8,45,5.63,0,32,24,286,11.92,0,0,0,0,NULL,NULL,
Tyreek Hill,MIA,WR,31,4,4,0,0,0,0,0,0,0,NULL,0,29,21,265,12.62,1,0,0,1,NULL,NULL,
Jonnu Smith,PIT,TE,30,12,4,0,0,0,0,0,3,17,5.67,0,43,30,190,6.33,2,1,0,2,NULL,NULL,
Davis Allen,LAR,TE,24,12,1,0,0,0,0,0,0,0,NULL,0,21,17,137,8.06,3,0,0,3,NULL,NULL,
Dyami Brown,JAX,WR,26,10,6,0,0,0,0,0,5,26,5.20,0,36,19,219,11.53,1,0,0,1,NULL,NULL,
Tyler Higbee,LAR,TE,32,9,7,0,0,0,0,0,0,0,NULL,0,30,20,190,9.50,2,0,0,2,NULL,NULL,
Jalen Coker,CAR,WR,24,7,2,0,0,0,0,0,0,0,NULL,0,25,18,224,12.44,1,0,0,1,1,NULL,
Samaje Perine,CIN,RB,30,10,0,0,0,0,0,0,46,237,5.15,1,11,9,45,5.00,0,2,2,1,NULL,NULL,
Calvin Ridley,TEN,WR,31,7,6,0,0,0,0,0,0,0,NULL,0,36,17,303,17.82,0,0,0,0,NULL,NULL,
Devaughn Vele,NOR,WR,28,11,6,0,0,0,0,0,0,0,NULL,0,28,17,184,10.82,2,0,0,2,NULL,NULL,
Cedric Tillman,CLE,WR,25,8,6,0,0,0,0,0,0,0,NULL,0,32,17,174,10.24,2,0,0,2,NULL,NULL,
Isaiah Davis,NYJ,RB,23,12,0,0,0,0,0,0,26,137,5.27,0,22,15,118,7.87,0,0,0,0,1,NULL,
Van Jefferson,TEN,WR,29,12,4,0,0,0,0,0,0,0,NULL,0,38,21,220,10.48,1,0,0,1,NULL,NULL,
Dawson Knox,BUF,TE,29,12,8,0,0,0,0,0,0,0,NULL,0,29,19,223,11.74,1,0,0,1,NULL,NULL,
Tyler Lockett,2TM,WR,33,12,1,0,0,0,0,0,0,0,NULL,0,37,23,220,9.57,0,0,0,1,NULL,NULL,
Kendre Miller,NOR,RB,23,7,0,0,0,0,0,0,47,193,4.11,1,5,5,30,6.00,0,0,0,1,NULL,NULL,
Jaylin Noel,HOU,WR,23,12,3,0,0,0,0,0,4,9,2.25,0,28,20,213,10.65,1,0,0,1,NULL,NULL,
Isaac TeSlaa,DET,WR,23,12,1,0,0,0,0,0,0,0,NULL,0,11,6,100,16.67,3,0,0,3,NULL,NULL,
Jahan Dotson,PHI,WR,25,12,6,0,0,0,0,0,0,0,NULL,0,21,11,206,18.73,1,0,0,1,NULL,NULL,
Jackson Hawes,BUF,TE,25,12,6,0,0,0,0,0,0,0,NULL,0,14,11,149,13.55,2,0,0,2,NULL,NULL,
Austin Hooper,NWE,TE,31,12,6,0,0,0,0,0,0,0,NULL,0,19,16,213,13.31,1,0,0,1,NULL,NULL,
Jaylin Lane,WAS,WR,23,12,3,0,0,0,0,0,1,7,7.00,0,31,16,225,14.06,0,3,1,1,NULL,NULL,
Keaton Mitchell,BAL,RB,23,8,0,0,0,0,0,0,25,153,6.12,1,9,7,56,8.00,0,1,0,1,NULL,NULL,
Josh Palmer,BUF,WR,26,8,5,0,0,0,0,0,0,0,NULL,0,29,18,272,15.11,0,0,0,0,NULL,NULL,
Roman Wilson,PIT,WR,24,12,4,0,0,0,0,0,0,0,NULL,0,21,12,166,13.83,2,1,1,2,NULL,NULL,
Daniel Bellinger,NYG,TE,25,12,7,0,0,0,0,0,0,0,NULL,0,17,12,202,16.83,1,0,0,1,NULL,NULL,
Mitchell Evans,CAR,TE,22,13,6,0,0,0,0,0,0,0,NULL,0,18,14,138,9.86,2,0,0,2,NULL,NULL,
Christian Kirk,HOU,WR,29,8,2,0,0,0,0,0,0,0,NULL,0,37,21,198,9.43,1,0,0,1,NULL,NULL,
John Metchie,2TM,WR,25,11,2,0,0,0,0,0,2,-9,-4.50,0,23,18,150,8.33,2,0,0,2,NULL,NULL,
Chris Moore,WAS,WR,32,11,5,0,0,0,0,0,1,9,9.00,0,22,10,192,19.20,1,0,0,1,NULL,NULL,
Kyle Williams,NWE,WR,23,13,0,0,0,0,0,0,1,-2,-2.00,0,13,5,143,28.60,2,0,0,2,NULL,NULL,
James Conner,ARI,RB,30,3,3,0,0,0,0,0,32,95,2.97,1,9,8,38,4.75,1,1,0,2,NULL,NULL,
Tyler Johnson,NYJ,WR,27,10,5,0,0,0,0,0,0,0,NULL,0,16,10,187,18.70,1,0,0,1,NULL,NULL,
Brashard Smith,KAN,RB,22,12,0,0,0,0,0,0,29,87,3.00,0,26,19,161,8.47,0,1,0,0,NULL,NULL,
Jalen Tolbert,DAL,WR,26,11,7,0,0,0,0,0,0,0,NULL,0,25,14,172,12.29,1,0,0,1,1,NULL,
Tommy Tremble,CAR,TE,25,13,12,0,0,0,0,0,0,0,NULL,0,27,20,186,9.30,1,0,0,1,NULL,NULL,
Ray Davis,BUF,RB,26,12,0,0,0,0,0,0,33,106,3.21,0,7,4,18,4.50,1,0,0,2,NULL,NULL,
Kyle Juszczyk,SFO,FB,34,13,13,0,0,0,0,0,2,-3,-1.50,0,23,20,187,9.35,1,0,0,1,NULL,NULL,
Michael Mayer,LVR,TE,24,9,9,0,0,0,0,0,0,0,NULL,0,32,22,182,8.27,1,0,0,1,NULL,NULL,
Isaiah Bond,CLE,WR,21,11,2,0,0,0,0,0,3,26,8.67,0,35,14,199,14.21,0,0,0,0,NULL,NULL,
Tre Harris,LAC,WR,23,12,6,0,0,0,0,0,0,0,NULL,0,24,19,167,8.79,1,0,0,1,NULL,NULL,
Tanner Hudson,CIN,TE,31,10,1,0,0,0,0,0,0,0,NULL,0,15,12,106,8.83,2,0,0,2,NULL,NULL,
Tyler Huntley,BAL,QB,27,2,1,27,37,254,1,0,11,92,8.36,0,0,0,0,NULL,0,0,0,0,NULL,NULL,
Charlie Kolar,BAL,TE,26,12,5,0,0,0,0,0,0,0,NULL,0,12,8,105,13.13,2,0,0,2,NULL,NULL,
Kalif Raymond,DET,WR,31,11,3,0,0,0,0,0,2,19,9.50,0,19,15,150,10.00,0,0,0,1,NULL,NULL,
Tyrell Shavers,BUF,WR,26,12,5,0,0,0,0,0,0,0,NULL,0,17,11,172,15.64,1,0,0,1,NULL,NULL,
Brock Wright,DET,TE,27,11,8,0,0,0,0,0,0,0,NULL,0,22,14,108,7.71,2,0,0,2,NULL,NULL,
Elijah Arroyo,SEA,TE,22,12,4,0,0,0,0,0,0,0,NULL,0,25,15,179,11.93,1,1,1,1,NULL,NULL,
Tutu Atwell,LAR,WR,26,6,4,0,0,0,0,0,0,0,NULL,0,9,4,164,41.00,1,0,0,1,NULL,NULL,
Trey Benson,ARI,RB,23,4,1,0,0,0,0,0,29,160,5.52,0,16,13,64,4.92,0,0,0,0,NULL,NULL,
Shedeur Sanders,CLE,QB,23,3,2,31,61,405,2,2,5,21,4.20,0,0,0,0,NULL,0,1,0,0,NULL,NULL,
Mitchell Tinsley,CIN,WR,26,12,2,0,0,0,0,0,0,0,NULL,0,21,7,100,14.29,2,0,0,2,NULL,NULL,
Antonio Gibson,NWE,RB,27,5,0,0,0,0,0,0,25,106,4.24,1,3,2,6,3.00,0,2,1,2,NULL,NULL,
Hunter Long,JAX,TE,27,8,3,0,0,0,0,0,0,0,NULL,0,17,12,85,7.08,2,1,0,2,NULL,NULL,
Tim Patrick,JAX,WR,32,11,2,0,0,0,0,0,0,0,NULL,0,15,8,94,11.75,2,0,0,2,NULL,NULL,
Hunter Renfrow,CAR,WR,30,6,2,0,0,0,0,0,0,0,NULL,0,26,15,89,5.93,2,0,0,2,NULL,NULL,
Devontez Walker,BAL,WR,24,8,1,0,0,0,0,0,0,0,NULL,0,6,4,90,22.50,2,0,0,2,NULL,NULL,
Mike Evans,TAM,WR,32,4,4,0,0,0,0,0,0,0,NULL,0,32,14,140,10.00,1,0,0,1,NULL,NULL,
Terrance Ferguson,LAR,TE,22,10,1,0,0,0,0,0,1,0,0.00,0,14,5,138,27.60,1,0,0,1,NULL,NULL,
Isaiah Likely,BAL,TE,25,9,5,0,0,0,0,0,0,0,NULL,0,25,18,223,12.39,0,2,1,0,NULL,NULL,
Elijah Moore,BUF,WR,25,9,2,0,0,0,0,0,6,24,4.00,1,17,9,112,12.44,0,0,0,1,NULL,NULL,
Zavier Scott,MIN,RB,26,11,0,0,0,0,0,0,24,86,3.58,0,13,11,77,7.00,1,2,1,1,NULL,NULL,
Adam Trautman,DEN,TE,28,12,9,0,0,0,0,0,0,0,NULL,0,16,14,140,10.00,1,0,0,1,NULL,NULL,
Luke Farrell,SFO,TE,28,13,4,0,0,0,0,0,0,0,NULL,0,14,11,85,7.73,2,1,1,2,NULL,NULL,
Devin Neal,NOR,RB,22,8,1,0,0,0,0,0,31,108,3.48,0,17,15,86,5.73,0,0,0,0,NULL,NULL,
Jaret Patterson,LAC,RB,26,4,0,0,0,0,0,0,32,129,4.03,1,0,0,0,NULL,0,0,0,1,NULL,NULL,
Demarcus Robinson,SFO,WR,31,10,1,0,0,0,0,0,1,6,6.00,0,25,13,163,12.54,0,0,0,0,1,NULL,
Jeremy Ruckert,NYJ,TE,25,12,10,0,0,0,0,0,0,0,NULL,0,18,16,131,8.19,1,0,0,1,NULL,NULL,
Miles Sanders,DAL,RB,28,4,0,0,0,0,0,0,20,117,5.85,1,8,8,30,3.75,0,1,1,1,NULL,NULL,
David Sills V,ATL,WR,29,12,2,0,0,0,0,0,0,0,NULL,0,16,8,65,8.13,2,0,0,2,NULL,NULL,
Tank Bigsby,2TM,RB,24,12,0,0,0,0,0,0,23,176,7.65,0,1,1,-1,-1.00,0,0,0,0,NULL,NULL,
Brandin Cooks,2TM,WR,32,11,4,0,0,0,0,0,0,0,NULL,0,26,20,178,8.90,0,0,0,0,NULL,NULL,
Zay Jones,ARI,WR,30,8,0,0,0,0,0,0,0,0,NULL,0,18,12,183,15.25,0,0,0,0,NULL,NULL,
Josh Oliver,MIN,TE,28,10,4,0,0,0,0,0,0,0,NULL,0,9,7,62,8.86,2,0,0,2,NULL,NULL,
Ja'Tavion Sanders,CAR,TE,22,10,3,0,0,0,0,0,0,0,NULL,0,30,25,176,7.04,0,0,0,0,NULL,NULL,
Jerome Ford,CLE,RB,26,12,0,0,0,0,0,0,24,73,3.04,0,29,24,93,3.88,0,0,0,0,NULL,NULL,
Xavier Smith,LAR,WR,28,11,2,0,0,0,0,0,0,0,NULL,0,13,10,167,16.70,0,0,0,0,NULL,NULL,
Malik Davis,DAL,RB,27,6,0,0,0,0,0,0,13,97,7.46,1,0,0,0,NULL,0,0,0,1,NULL,NULL,
Elijah Higgins,ARI,TE,25,12,6,0,0,0,0,0,0,0,NULL,0,22,18,179,9.94,0,1,1,0,NULL,NULL,
Taysom Hill,NOR,TE,35,8,2,1,5,19,0,0,33,71,2.15,1,5,4,23,5.75,0,1,0,1,NULL,NULL,
Isaiah Hodgins,NYG,WR,27,3,2,0,0,0,0,0,0,0,NULL,0,13,8,103,12.88,1,0,0,1,NULL,NULL,
Raheem Mostert,LVR,RB,33,9,0,0,0,0,0,0,21,98,4.67,0,9,9,63,7.00,0,0,0,0,NULL,NULL,
Jordan Whittington,LAR,WR,25,12,6,0,0,0,0,0,3,12,4.00,0,22,16,147,9.19,0,0,0,0,NULL,NULL,
Ashton Dulin,IND,WR,28,10,2,0,0,0,0,0,3,44,14.67,0,8,5,106,21.20,0,0,0,0,NULL,NULL,
Mason Rudolph,PIT,QB,30,5,1,38,52,310,2,2,7,6,0.86,0,0,0,0,NULL,0,1,1,0,NULL,NULL,
Savion Williams,GNB,WR,24,11,0,0,0,0,0,0,9,28,3.11,0,10,10,78,7.80,1,1,1,1,NULL,NULL,
Treylon Burks,WAS,WR,25,3,0,0,0,0,0,0,0,0,NULL,0,8,5,77,15.40,1,0,0,1,NULL,NULL,
Chris Godwin,TAM,WR,29,4,3,0,0,0,0,0,0,0,NULL,0,23,11,139,12.64,0,0,0,0,NULL,NULL,
Terrell Jennings,NWE,RB,24,7,0,0,0,0,0,0,23,73,3.17,1,1,1,9,9.00,0,0,0,1,NULL,NULL,
Kameron Johnson,TAM,WR,23,12,0,0,0,0,0,0,2,13,6.50,0,6,4,64,16.00,1,0,0,1,NULL,NULL,
Hunter Luepke,DAL,RB,25,12,3,0,0,0,0,0,3,13,4.33,0,9,8,63,7.88,1,0,0,1,NULL,NULL,
Luke Musgrave,GNB,TE,25,12,7,0,0,0,0,0,0,0,NULL,0,18,15,140,9.33,0,1,0,0,NULL,NULL,
Curtis Samuel,BUF,WR,29,6,0,0,0,0,0,0,0,0,NULL,0,9,7,81,11.57,1,0,0,1,NULL,NULL,
Cody White,SEA,WR,27,6,0,0,0,0,0,0,0,0,NULL,0,3,2,81,40.50,1,0,0,1,NULL,NULL,
Ameer Abdullah,IND,RB,32,8,0,0,0,0,0,0,8,40,5.00,1,6,5,30,6.00,0,0,0,1,NULL,NULL,
Braelon Allen,NYJ,RB,21,4,0,0,0,0,0,0,18,76,4.22,1,3,2,17,8.50,0,1,1,1,NULL,NULL,
Noah Gray,KAN,TE,26,11,5,0,0,0,0,0,0,0,NULL,0,28,16,132,8.25,0,0,0,0,NULL,NULL,
George Holani,SEA,RB,26,11,0,0,0,0,0,0,22,73,3.32,1,2,2,15,7.50,0,1,1,1,NULL,NULL,
Brycen Tremayne,CAR,WR,26,12,1,0,0,0,0,0,0,0,NULL,0,15,12,133,11.08,0,1,0,0,NULL,NULL,
Mike Gesicki,CIN,TE,30,8,1,0,0,0,0,0,0,0,NULL,0,26,14,115,8.21,0,0,0,0,NULL,NULL,
Jimmy Horn,CAR,WR,23,9,0,0,0,0,0,0,7,44,6.29,0,11,7,77,11.00,0,0,0,0,NULL,NULL,
Allen Lazard,NYJ,WR,30,8,2,0,0,0,0,0,0,0,NULL,0,15,9,64,7.11,1,0,0,1,NULL,NULL,
Gunner Olszewski,NYG,WR,29,13,0,1,1,33,1,0,0,0,NULL,0,3,1,24,24.00,1,1,1,1,NULL,NULL,
Josh Reynolds,NYJ,WR,30,5,3,0,0,0,0,0,0,0,NULL,0,21,11,101,9.18,0,0,0,0,1,NULL,
Ben Skowronek,PIT,WR,28,12,3,0,0,0,0,0,0,0,NULL,0,5,3,56,18.67,1,0,0,1,NULL,NULL,
Dont'e Thornton,LVR,WR,23,11,7,0,0,0,0,0,0,0,NULL,0,25,8,123,15.38,0,0,0,0,NULL,NULL,
Nate Adkins,DEN,TE,26,6,3,0,0,0,0,0,0,0,NULL,0,10,6,48,8.00,1,0,0,1,NULL,NULL,
LeQuint Allen,JAX,RB,21,12,0,0,0,0,0,0,14,70,5.00,0,8,7,41,5.86,0,0,0,0,NULL,NULL,
Tyler Badie,DEN,RB,25,11,0,0,0,0,0,0,2,9,4.50,0,24,14,105,7.50,0,0,0,0,NULL,NULL,
Jack Bech,LVR,WR,23,12,2,0,0,0,0,0,0,0,NULL,0,15,10,114,11.40,0,0,0,0,NULL,NULL,
Malachi Corley,CLE,WR,23,8,3,0,0,0,0,0,6,77,12.83,0,6,5,34,6.80,0,0,0,0,NULL,NULL,
Greg Dulcich,MIA,TE,25,5,1,0,0,0,0,0,0,0,NULL,0,15,10,113,11.30,0,0,0,0,NULL,NULL,
Julian Hill,MIA,TE,25,9,8,0,0,0,0,0,0,0,NULL,0,15,11,91,8.27,0,0,0,0,1,NULL,
Jayden Reed,GNB,WR,25,2,1,0,0,0,0,0,0,0,NULL,0,5,3,45,15.00,1,0,0,1,NULL,NULL,
Jamari Thrash,CLE,WR,25,9,1,0,0,0,0,0,0,0,NULL,0,15,10,107,10.70,0,0,0,0,NULL,NULL,
Tylan Wallace,BAL,WR,26,11,2,0,0,0,0,0,0,0,NULL,0,8,4,45,11.25,1,0,0,1,NULL,NULL,
Isaiah Williams,NYJ,WR,24,10,0,0,1,0,0,0,2,29,14.50,0,10,5,37,7.40,0,1,1,1,NULL,NULL,
Chris Brooks,GNB,RB,25,12,0,0,0,0,0,0,11,31,2.82,0,12,10,68,6.80,0,0,0,0,NULL,NULL,
Brittain Brown,CHI,RB,28,2,0,0,0,0,0,0,5,37,7.40,1,1,0,0,NULL,0,0,0,1,NULL,NULL,
Tyler Conklin,LAC,TE,30,12,5,0,0,0,0,0,1,2,2.00,0,9,6,95,15.83,0,1,0,0,NULL,NULL,
Andy Dalton,CAR,QB,38,4,1,25,37,293,1,1,5,-2,-0.40,0,0,0,0,NULL,0,2,2,0,NULL,NULL,
John FitzPatrick,GNB,TE,25,12,3,0,0,0,0,0,0,0,NULL,0,8,7,40,5.71,1,0,0,1,NULL,NULL,
Jaleel McLaughlin,DEN,RB,25,3,0,0,0,0,0,0,13,43,3.31,1,3,2,1,0.50,0,0,0,1,NULL,NULL,
Konata Mumpfield,LAR,WR,23,12,0,0,0,0,0,0,0,0,NULL,0,7,4,37,9.25,1,0,0,1,NULL,NULL,
Johnny Mundt,JAX,TE,31,12,6,0,0,0,0,0,0,0,NULL,0,17,8,95,11.88,0,0,0,0,NULL,NULL,
Drew Sample,CIN,TE,29,12,10,0,0,0,0,0,1,3,3.00,0,12,7,38,5.43,1,0,0,1,NULL,NULL,
Jack Stoll,NOR,TE,27,11,2,0,0,0,0,0,0,0,NULL,0,7,4,35,8.75,1,0,0,1,NULL,NULL,
Ian Thomas,LVR,TE,29,12,7,0,0,0,0,0,0,0,NULL,0,11,11,97,8.82,0,0,0,0,NULL,NULL,
Andrew Beck,NYJ,FB,29,12,0,0,0,0,0,0,0,0,NULL,0,5,4,26,6.50,1,0,0,1,NULL,NULL,
Tanner Conner,MIA,TE,27,9,0,0,0,0,0,0,0,0,NULL,0,15,9,91,10.11,0,0,0,0,NULL,NULL,
Trevor Etienne,CAR,RB,21,13,0,0,0,0,0,0,20,94,4.70,0,3,3,13,4.33,0,2,1,0,NULL,NULL,
Najee Harris,LAC,RB,27,3,0,0,0,0,0,0,15,61,4.07,0,3,3,25,8.33,0,0,0,0,NULL,NULL,
Malik Heath,GNB,WR,25,11,0,0,0,0,0,0,0,0,NULL,0,7,6,86,14.33,0,0,0,0,NULL,NULL,
Connor Heyward,PIT,TE,26,12,1,0,0,0,0,0,5,9,1.80,0,3,2,18,9.00,1,0,0,1,NULL,NULL,
Ryan Miller,TAM,WR,25,12,3,0,0,0,0,0,0,0,NULL,0,4,2,34,17.00,1,0,0,1,NULL,NULL,
Ben Sinnott,WAS,TE,23,11,3,0,0,0,0,0,0,0,NULL,0,3,3,33,11.00,1,0,0,1,NULL,NULL,
Adam Thielen,MIN,WR,35,11,4,0,0,0,0,0,0,0,NULL,0,18,8,69,8.63,0,0,0,0,1,NULL,
Casey Washington,ATL,WR,24,7,2,0,0,0,0,0,0,0,NULL,0,14,6,94,15.67,0,0,0,0,NULL,NULL,
Nick Westbrook-Ikhine,MIA,WR,28,12,3,0,0,0,0,0,0,0,NULL,0,19,11,89,8.09,0,0,0,0,NULL,NULL,
Austin Ekeler,WAS,RB,30,2,2,0,0,0,0,0,14,43,3.07,0,7,5,38,7.60,0,0,0,0,NULL,NULL,
Andrew Ogletree,IND,TE,27,12,4,0,0,0,0,0,0,0,NULL,0,4,3,16,5.33,1,0,0,1,NULL,NULL,
Will Shipley,PHI,RB,23,10,0,0,0,0,0,0,11,45,4.09,0,7,5,39,7.80,0,0,0,0,NULL,NULL,
Brevyn Spann-Ford,DAL,TE,26,12,4,0,0,0,0,0,0,0,NULL,0,6,5,22,4.40,1,0,0,1,NULL,NULL,
Cam Akers,MIN,RB,26,3,0,1,1,32,1,0,5,19,3.80,0,1,0,0,NULL,0,0,0,0,NULL,NULL,
John Bates,WAS,TE,28,10,8,0,0,0,0,0,0,0,NULL,0,12,8,71,8.88,0,0,0,0,NULL,NULL,
Jaydon Blue,DAL,RB,21,4,0,0,0,0,0,0,22,65,2.95,0,1,1,5,5.00,0,1,0,0,NULL,NULL,
Gabriel Davis,BUF,WR,26,3,2,0,0,0,0,0,0,0,NULL,0,8,5,67,13.40,0,0,0,0,NULL,NULL,
DJ Giddens,IND,RB,22,7,0,0,0,0,0,0,18,66,3.67,0,2,0,0,NULL,0,0,0,0,NULL,NULL,
Kaleb Johnson,PIT,RB,22,8,0,0,0,0,0,0,24,61,2.54,0,2,1,9,9.00,0,1,0,0,NULL,NULL,
Ray-Ray McCloud,2TM,WR,29,6,2,0,0,0,0,0,0,0,NULL,0,15,7,69,9.86,0,0,0,0,NULL,NULL,
Skyy Moore,SFO,WR,25,13,0,0,0,0,0,0,1,1,1.00,0,6,4,64,16.00,0,1,0,0,NULL,NULL,
Jaylen Wright,MIA,RB,22,5,0,0,0,0,0,0,18,65,3.61,0,1,1,0,0.00,0,0,0,0,NULL,NULL,
Mo Alie-Cox,IND,TE,32,12,6,0,0,0,0,0,0,0,NULL,0,9,5,59,11.80,0,0,0,0,NULL,NULL,
AJ Dillon,PHI,RB,27,6,0,0,0,0,0,0,12,60,5.00,0,2,2,18,9.00,0,1,1,0,NULL,NULL,
Lil'Jordan Humphrey,2TM,WR,27,5,2,0,0,0,0,0,0,0,NULL,0,11,4,55,13.75,0,0,0,0,NULL,NULL,
Charlie Jones,CIN,WR,27,12,0,0,0,0,0,0,0,0,NULL,0,1,0,0,NULL,0,0,0,1,NULL,NULL,
David Martin-Robinson,TEN,TE,26,12,3,0,0,0,0,0,0,0,NULL,0,1,1,1,1.00,1,0,0,1,NULL,NULL,
Bo Melton,GNB,WR,26,11,0,0,0,0,0,0,4,35,8.75,0,6,2,28,14.00,0,0,0,0,NULL,NULL,
Joe Milton,DAL,QB,25,2,0,6,9,99,1,1,0,0,NULL,0,0,0,0,NULL,0,0,0,0,NULL,NULL,
Kene Nwangwu,NYJ,RB,27,7,0,0,0,0,0,0,0,0,NULL,0,0,0,0,NULL,0,0,0,1,NULL,NULL,
Adam Prentice,DEN,FB,28,12,2,0,0,0,0,0,5,20,4.00,0,6,4,42,10.50,0,0,0,0,NULL,NULL,
James Proche,TEN,WR,29,4,0,0,0,0,0,0,0,0,NULL,0,4,4,55,13.75,0,0,0,0,NULL,NULL,
Raheim Sanders,CLE,RB,23,1,0,0,0,0,0,0,3,3,1.00,1,0,0,0,NULL,0,0,0,1,NULL,NULL,
Luke Schoonmaker,DAL,TE,27,12,5,0,0,0,0,0,0,0,NULL,0,17,9,64,7.11,0,0,0,0,NULL,NULL,
Arian Smith,NYJ,WR,24,11,5,0,0,0,0,0,3,11,3.67,0,10,6,47,7.83,0,0,0,0,NULL,NULL,
Josh Whyle,GNB,TE,26,4,1,0,0,0,0,0,0,0,NULL,0,3,2,3,1.50,1,0,0,1,NULL,NULL,
Malik Willis,GNB,QB,26,2,0,3,3,13,1,0,3,19,6.33,0,0,0,0,NULL,0,0,0,0,NULL,NULL,
Robbie Chosen,WAS,WR,32,3,0,0,0,0,0,0,0,0,NULL,0,9,5,53,10.60,0,0,0,0,NULL,NULL,
Grant Calcaterra,PHI,TE,27,10,4,0,0,0,0,0,0,0,NULL,0,8,5,48,9.60,0,0,0,0,NULL,NULL,
Alec Ingold,MIA,FB,29,12,8,0,0,0,0,0,2,9,4.50,0,7,5,36,7.20,0,0,0,0,NULL,NULL,
Trey Lance,LAC,QB,25,3,0,7,13,90,0,0,8,16,2.00,0,0,0,0,NULL,0,0,0,0,NULL,NULL,
Mason Tipton,NOR,WR,25,11,1,0,0,0,0,0,2,10,5.00,0,10,6,42,7.00,0,0,0,0,NULL,NULL,
Austin Trammell,JAX,WR,27,5,0,0,0,0,0,0,0,0,NULL,0,10,3,46,15.33,0,0,0,0,NULL,NULL,
Dareke Young,SEA,WR,26,6,0,0,0,0,0,0,0,0,NULL,0,2,2,48,24.00,0,0,0,0,NULL,NULL,
Rasheen Ali,BAL,RB,24,10,0,0,0,0,0,0,5,22,4.40,0,1,1,15,15.00,0,0,0,0,NULL,NULL,
Braxton Berrios,HOU,WR,30,4,0,0,0,0,0,0,0,0,NULL,0,8,6,37,6.17,0,0,0,0,NULL,NULL,
Noah Brown,WAS,WR,29,2,2,0,0,0,0,0,0,0,NULL,0,7,3,36,12.00,0,0,0,0,NULL,NULL,
Nathan Carter,ATL,RB,23,5,0,0,0,0,0,0,9,60,6.67,0,0,0,0,NULL,0,1,1,0,NULL,NULL,
Julius Chestnut,TEN,RB,25,12,0,0,0,0,0,0,10,39,3.90,0,2,0,0,NULL,0,0,0,0,NULL,NULL,
Will Dissly,LAC,TE,29,4,1,0,0,0,0,0,0,0,NULL,0,5,4,43,10.75,0,0,0,0,NULL,NULL,
D'Wayne Eskridge,MIA,WR,28,10,0,0,0,0,0,0,0,0,NULL,0,7,4,62,15.50,0,1,1,0,NULL,NULL,
Hassan Haskins,LAC,RB,26,7,0,0,0,0,0,0,12,30,2.50,0,4,4,13,3.25,0,0,0,0,NULL,NULL,
Jalin Hyatt,NYG,WR,24,7,0,0,0,0,0,0,0,0,NULL,0,13,5,35,7.00,0,0,0,0,NULL,NULL,
Tom Kennedy,DET,WR,29,1,0,0,0,0,0,0,0,0,NULL,0,4,4,36,9.00,0,0,0,0,NULL,NULL,
Foster Moreau,NOR,TE,28,8,6,0,0,0,0,0,0,0,NULL,0,8,5,38,7.60,0,0,0,0,NULL,NULL,
Albert Okwuegbunam,LVR,TE,27,1,0,0,0,0,0,0,0,0,NULL,0,6,5,36,7.20,0,0,0,0,NULL,NULL,
Xavier Restrepo,TEN,WR,23,2,0,0,0,0,0,0,0,0,NULL,0,7,3,41,13.67,0,0,0,0,NULL,NULL,
Cade Stover,HOU,TE,25,4,3,0,0,0,0,0,4,3,0.75,0,8,6,38,6.33,0,0,0,0,NULL,NULL,
Marquez Valdes-Scantling,SFO,WR,31,5,0,0,0,0,0,0,0,0,NULL,0,8,4,40,10.00,0,0,0,0,NULL,NULL,
Zamir White,LVR,RB,26,4,0,0,0,0,0,0,10,25,2.50,0,5,3,19,6.33,0,0,0,0,NULL,NULL,
Tyson Bagent,CHI,QB,25,3,0,3,4,47,0,0,2,7,3.50,0,0,0,0,NULL,0,1,0,0,NULL,NULL,
Teddy Bridgewater,TAM,QB,33,4,0,8,15,62,0,0,3,4,1.33,0,0,0,0,NULL,0,0,0,0,NULL,NULL,
Tahj Brooks,CIN,RB,23,11,0,0,0,0,0,0,9,28,3.11,0,1,0,0,NULL,0,0,0,0,NULL,NULL,
Beaux Collins,NYG,WR,23,9,0,0,0,0,0,0,0,0,NULL,0,6,2,25,12.50,0,0,0,0,NULL,NULL,
KhaDarel Hodge,ATL,WR,30,10,1,0,0,0,0,0,0,0,NULL,0,10,3,31,10.33,0,0,0,0,NULL,NULL,
Jacoby Jones,WAS,WR,24,1,0,0,0,0,0,0,0,0,NULL,0,1,1,25,25.00,0,0,0,0,NULL,NULL,
Gage Larvadain,CLE,WR,23,8,0,0,0,0,0,0,1,3,3.00,0,9,4,45,11.25,0,3,1,0,NULL,NULL,
James Mitchell,CAR,TE,26,4,0,0,0,0,0,0,0,0,NULL,0,3,3,28,9.33,0,0,0,0,NULL,NULL,
Quintin Morris,JAX,TE,26,9,2,0,0,0,0,0,0,0,NULL,0,5,2,25,12.50,0,0,0,0,NULL,NULL,
Dare Ogunbowale,HOU,RB,31,12,0,0,0,0,0,0,3,18,6.00,0,6,5,36,7.20,0,1,1,0,NULL,NULL,
Dameon Pierce,HOU,RB,25,4,0,0,0,0,0,0,10,26,2.60,0,1,0,0,NULL,0,0,0,0,NULL,NULL,
Nikko Remigio,KAN,WR,26,12,0,0,0,0,0,0,1,11,11.00,0,1,1,21,21.00,0,1,0,0,NULL,NULL,
Deven Thompkins,ATL,WR,26,2,0,0,0,0,0,0,1,5,5.00,0,2,2,23,11.50,0,0,0,0,NULL,NULL,
Jordan Watkins,SFO,WR,23,3,0,0,0,0,0,0,0,0,NULL,0,3,2,26,13.00,0,0,0,0,NULL,NULL,
Justin Watson,HOU,WR,29,2,0,0,0,0,0,0,0,0,NULL,0,4,3,30,10.00,0,0,0,0,NULL,NULL,
Cedrick Wilson Jr.,MIA,WR,30,5,1,0,0,0,0,0,0,0,NULL,0,4,3,25,8.33,0,0,0,0,NULL,NULL,
Charlie Woerner,ATL,TE,28,12,9,0,0,0,0,0,0,0,NULL,0,6,5,33,6.60,0,0,0,0,NULL,NULL,
Brenden Bates,2TM,TE,26,5,1,0,0,0,0,0,0,0,NULL,0,2,2,23,11.50,0,0,0,0,NULL,NULL,
Jake Bobo,SEA,WR,27,7,0,0,0,0,0,0,0,0,NULL,0,2,2,20,10.00,0,0,0,0,NULL,NULL,
British Brooks,HOU,RB,26,10,2,0,0,0,0,0,4,15,3.75,0,0,0,0,NULL,0,0,0,0,NULL,NULL,
Dylan Drummond,ATL,WR,25,4,0,0,0,0,0,0,0,0,NULL,0,6,4,21,5.25,0,0,0,0,NULL,NULL,
Clyde Edwards-Helaire,KAN,RB,26,2,0,0,0,0,0,0,7,13,1.86,0,2,2,9,4.50,0,0,0,0,NULL,NULL,
Quinn Ewers,MIA,QB,22,1,0,5,8,53,0,0,1,0,0.00,0,0,0,0,NULL,0,2,0,0,NULL,NULL,
Tucker Fisk,LAC,TE,26,10,7,0,0,0,0,0,0,0,NULL,0,4,2,19,9.50,0,0,0,0,NULL,NULL,
Tyler Goodson,IND,RB,25,7,0,0,0,0,0,0,5,12,2.40,0,3,2,8,4.00,0,0,0,0,NULL,NULL,
Evan Hull,NOR,RB,25,1,0,0,0,0,0,0,5,15,3.00,0,0,0,0,NULL,0,0,0,0,NULL,NULL,
Roschon Johnson,CHI,RB,24,7,0,0,0,0,0,0,2,17,8.50,0,0,0,0,NULL,0,0,0,0,NULL,NULL,
Tim Jones,2TM,WR,27,4,0,0,0,0,0,0,0,0,NULL,0,1,1,15,15.00,0,0,0,0,NULL,NULL,
Lucas Krull,DEN,TE,27,3,3,0,0,0,0,0,0,0,NULL,0,4,2,15,7.50,0,0,0,0,NULL,NULL,
Dylan Laube,LVR,RB,26,12,0,0,0,0,0,0,5,5,1.00,0,4,3,18,6.00,0,0,0,0,NULL,NULL,
Tay Martin,WAS,WR,28,3,0,0,0,0,0,0,0,0,NULL,0,2,2,23,11.50,0,0,0,0,NULL,NULL,
David Moore,CAR,WR,30,4,2,0,0,0,0,0,1,12,12.00,0,1,1,5,5.00,0,0,0,0,NULL,NULL,
Tip Reiman,ARI,TE,24,4,3,0,0,0,0,0,0,0,NULL,0,5,3,18,6.00,0,0,0,0,NULL,NULL,
Cooper Rush,BAL,QB,32,4,2,34,52,303,0,4,4,-4,-1.00,0,0,0,0,NULL,0,1,1,0,NULL,NULL,
Trent Sherfield,DEN,WR,29,10,3,0,0,0,0,0,0,0,NULL,0,4,3,21,7.00,0,0,0,0,NULL,NULL,
Mitchell Trubisky,BUF,QB,31,3,0,3,6,54,0,0,4,1,0.25,0,0,0,0,NULL,0,0,0,0,NULL,NULL,
Jared Wayne,HOU,WR,25,1,1,0,0,0,0,0,0,0,NULL,0,2,2,20,10.00,0,0,0,0,NULL,NULL,
Xavier Weaver,ARI,WR,25,7,1,0,0,0,0,0,0,0,NULL,0,8,3,24,8.00,0,0,0,0,NULL,NULL,
Zach Wilson,MIA,QB,26,2,0,6,9,32,0,0,1,3,3.00,0,0,0,0,NULL,0,0,0,0,NULL,NULL,
Jacardia Wright,SEA,RB,25,1,0,0,0,0,0,0,5,20,4.00,0,0,0,0,NULL,0,0,0,0,NULL,NULL,
Colson Yankoff,WAS,TE,25,10,0,0,0,0,0,0,0,0,NULL,0,2,2,18,9.00,0,0,0,0,NULL,NULL,
Andre Baccellia,ARI,WR,28,3,0,0,0,0,0,0,0,0,NULL,0,1,1,5,5.00,0,0,0,0,NULL,NULL,
Alex Bachman,LVR,WR,29,9,0,0,0,0,0,0,0,0,NULL,0,2,1,9,9.00,0,0,0,0,NULL,NULL,
Harrison Bryant,HOU,TE,27,8,3,0,0,0,0,0,0,0,NULL,0,6,2,7,3.50,0,0,0,0,NULL,NULL,
Darius Cooper,PHI,WR,24,8,0,0,0,0,0,0,0,0,NULL,0,2,2,7,3.50,0,0,0,0,NULL,NULL,
Josiah Deguara,ARI,TE,28,7,0,0,0,0,0,0,0,0,NULL,0,1,1,6,6.00,0,0,0,0,NULL,NULL,
Payne Durham,TAM,TE,25,12,7,0,0,0,0,0,0,0,NULL,0,3,1,11,11.00,0,0,0,0,NULL,NULL,
Tai Felton,MIN,WR,22,12,0,0,0,0,0,0,0,0,NULL,0,1,1,9,9.00,0,0,0,0,NULL,NULL,
Myles Gaskin,SEA,RB,28,1,0,0,0,0,0,0,3,6,2.00,0,0,0,0,NULL,0,0,0,0,NULL,NULL,
Cam Grandy,CIN,TE,25,3,1,0,0,0,0,0,0,0,NULL,0,1,1,6,6.00,0,1,0,0,NULL,NULL,
Kylen Granson,PHI,TE,27,12,2,0,0,0,0,0,0,0,NULL,0,4,3,10,3.33,0,0,0,0,NULL,NULL,
C.J. Ham,MIN,FB,32,6,0,0,0,0,0,0,0,0,NULL,0,1,1,5,5.00,0,0,0,0,NULL,NULL,
Amar Johnson,LAC,RB,22,2,0,0,0,0,0,0,2,8,4.00,0,1,0,0,NULL,0,0,0,0,NULL,NULL,
D'Ernest Johnson,2TM,RB,29,4,0,0,0,0,0,0,5,7,1.40,0,0,0,0,NULL,0,0,0,0,NULL,NULL,
Mason Kinsey,TEN,WR,27,5,0,0,0,0,0,0,0,0,NULL,0,3,1,14,14.00,0,0,0,0,NULL,NULL,
Chris Manhertz,NYG,TE,33,13,2,0,0,0,0,0,0,0,NULL,0,1,1,7,7.00,0,0,0,0,NULL,NULL,
Scott Miller,PIT,WR,28,8,0,0,0,0,0,0,0,0,NULL,0,2,1,9,9.00,0,0,0,0,NULL,NULL,
Bryce Oliver,TEN,WR,25,2,0,0,0,0,0,0,0,0,NULL,0,1,1,8,8.00,0,0,0,0,NULL,NULL,
Dante Pettis,NOR,WR,30,3,0,0,0,0,0,0,0,0,NULL,0,1,1,14,14.00,0,0,0,0,NULL,NULL,
Anthony Richardson,IND,QB,23,2,0,1,2,9,0,0,4,-1,-0.25,0,1,1,9,9.00,0,0,0,0,NULL,NULL,
Eric Saubert,SEA,TE,31,7,1,0,0,0,0,0,0,0,NULL,0,1,1,12,12.00,0,0,0,0,NULL,NULL,
Jacob Saylors,DET,RB,24,11,0,0,0,0,0,0,2,11,5.50,0,0,0,0,NULL,0,0,0,0,NULL,NULL,
Durham Smythe,CHI,TE,30,12,1,0,0,0,0,0,0,0,NULL,0,4,2,12,6.00,0,0,0,0,NULL,NULL,
Josh Williams,TAM,RB,25,3,0,0,0,0,0,0,4,11,2.75,0,0,0,0,NULL,0,0,0,0,NULL,NULL,
Owen Wright,TAM,RB,26,3,0,0,0,0,0,0,3,6,2.00,0,0,0,0,NULL,0,0,0,0,NULL,NULL,
Ben Yurosek,MIN,TE,23,8,0,0,0,0,0,0,0,0,NULL,0,2,1,5,5.00,0,0,0,0,NULL,NULL,
Kyle Allen,DET,QB,29,3,0,0,2,0,0,0,3,-3,-1.00,0,0,0,0,NULL,0,0,0,0,NULL,NULL,
Kevin Austin,NOR,WR,25,3,0,0,0,0,0,0,0,0,NULL,0,1,0,0,NULL,0,0,0,0,NULL,NULL,
Michael Bandy,DEN,WR,28,2,0,0,0,0,0,0,0,0,NULL,0,1,1,16,16.00,0,1,1,0,NULL,NULL,
Ulysses Bentley,IND,RB,25,1,0,0,0,0,0,0,1,0,0.00,0,0,0,0,NULL,0,0,0,0,NULL,NULL,
Gary Brightwell,CIN,RB,26,2,0,0,0,0,0,0,0,0,NULL,0,0,0,0,NULL,0,0,0,0,NULL,NULL,
Jalen Brooks,DAL,WR,25,1,0,0,0,0,0,0,0,0,NULL,0,0,0,0,NULL,0,0,0,0,NULL,NULL,
Ja'Corey Brooks,WAS,WR,24,1,0,0,0,0,0,0,0,0,NULL,0,0,0,0,NULL,0,0,0,0,NULL,NULL,
Jason Brownlee,KAN,WR,26,5,0,0,0,0,0,0,0,0,NULL,0,1,0,0,NULL,0,0,0,0,NULL,NULL,
Pharaoh Brown,ARI,TE,31,3,1,0,0,0,0,0,0,0,NULL,0,0,0,0,NULL,0,0,0,0,NULL,NULL,
Dalen Cambre,NYG,WR,24,3,0,0,0,0,0,0,0,0,NULL,0,0,0,0,NULL,0,0,0,0,NULL,NULL,
Dalevon Campbell,CAR,WR,24,2,0,0,0,0,0,0,0,0,NULL,0,0,0,0,NULL,0,0,0,0,NULL,NULL,
Parris Campbell,DAL,WR,28,1,0,0,0,0,0,0,0,0,NULL,0,0,0,0,NULL,0,0,0,0,NULL,NULL,
Stephen Carlson,CHI,TE,29,2,0,0,0,0,0,0,0,0,NULL,0,0,0,0,NULL,0,0,0,0,NULL,NULL,
DeAndre Carter,CLE,WR,32,4,0,0,0,0,0,0,0,0,NULL,0,0,0,0,NULL,0,1,0,0,NULL,NULL,
Ty Chandler,MIN,RB,27,1,0,0,0,0,0,0,0,0,NULL,0,0,0,0,NULL,0,0,0,0,NULL,NULL,
Dan Chisena,CAR,WR,28,1,0,0,0,0,0,0,0,0,NULL,0,0,0,0,NULL,0,0,0,0,NULL,NULL,
Efton Chism,NWE,WR,24,6,0,0,0,0,0,0,0,0,NULL,0,0,0,0,NULL,0,0,0,0,NULL,NULL,
Britain Covey,PHI,WR,28,1,0,0,0,0,0,0,0,0,NULL,0,0,0,0,NULL,0,1,0,0,NULL,NULL,
Devin Culp,TAM,TE,25,9,0,0,0,0,0,0,0,0,NULL,0,0,0,0,NULL,0,0,0,0,NULL,NULL,
DeeJay Dallas,CAR,RB,27,3,0,0,0,0,0,0,1,0,0.00,0,0,0,0,NULL,0,0,0,0,NULL,NULL,
Kaden Davis,CLE,WR,27,2,0,0,0,0,0,0,0,0,NULL,0,0,0,0,NULL,0,0,0,0,NULL,NULL,
Joshua Dobbs,NWE,QB,30,2,0,1,2,12,0,0,5,-4,-0.80,0,0,0,0,NULL,0,0,0,0,NULL,NULL,
Devin Duvernay,CHI,WR,28,12,0,0,0,0,0,0,0,0,NULL,0,3,1,2,2.00,0,0,0,0,NULL,NULL,
Ross Dwelley,DET,TE,30,10,1,0,0,0,0,0,0,0,NULL,0,4,1,3,3.00,0,0,0,0,NULL,NULL,
Chase Edmonds,WAS,RB,29,1,0,0,0,0,0,0,0,0,NULL,0,0,0,0,NULL,0,0,0,0,NULL,NULL,
Audric Estime,NOR,RB,22,2,0,0,0,0,0,0,0,0,NULL,0,0,0,0,NULL,0,0,0,0,NULL,NULL,
Princeton Fant,DAL,TE,26,1,0,0,0,0,0,0,0,0,NULL,0,0,0,0,NULL,0,0,0,0,NULL,NULL,
Simi Fehoko,ARI,WR,28,8,0,0,0,0,0,0,0,0,NULL,0,0,0,0,NULL,0,0,0,0,NULL,NULL,
Thomas Fidone,NYG,TE,23,7,0,0,0,0,0,0,0,0,NULL,0,0,0,0,NULL,0,0,0,0,NULL,NULL,
Anthony Firkser,DET,TE,30,2,0,0,0,0,0,0,0,0,NULL,0,1,1,4,4.00,0,0,0,0,NULL,NULL,
Feleipe Franks,ATL,TE,28,12,0,0,0,0,0,0,2,4,2.00,0,0,0,0,NULL,0,0,0,0,NULL,NULL,
Russell Gage,SFO,WR,29,1,0,0,0,0,0,0,0,0,NULL,0,0,0,0,NULL,0,0,0,0,NULL,NULL,
Jimmy Garoppolo,LAR,QB,34,1,0,0,0,0,0,0,3,-3,-1.00,0,0,0,0,NULL,0,0,0,0,NULL,NULL,
Reggie Gilliam,BUF,FB,28,12,2,0,0,0,0,0,0,0,NULL,0,1,1,2,2.00,0,0,0,0,NULL,NULL,
Anthony Gould,IND,WR,24,10,1,0,0,0,0,0,0,0,NULL,0,1,1,3,3.00,0,0,0,0,NULL,NULL,
Eric Gray,NYG,RB,26,2,0,0,0,0,0,0,0,0,NULL,0,0,0,0,NULL,0,0,0,0,NULL,NULL,
Isaac Guerendo,SFO,RB,25,13,0,0,0,0,0,0,0,0,NULL,0,0,0,0,NULL,0,0,0,0,NULL,NULL,
Khalil Herbert,NYJ,RB,27,2,0,0,0,0,0,0,0,0,NULL,0,0,0,0,NULL,0,0,0,0,NULL,NULL,
Nyheim Hines,LAC,RB,29,3,0,0,0,0,0,0,2,-2,-1.00,0,0,0,0,NULL,0,0,0,0,NULL,NULL,
Travis Homer,CHI,RB,27,6,0,0,0,0,0,0,1,-2,-2.00,0,0,0,0,NULL,0,0,0,0,NULL,NULL,
Zach Horton,DET,TE,NULL,1,0,0,0,0,0,0,0,0,NULL,0,0,0,0,NULL,0,0,0,0,NULL,NULL,
Jarquez Hunter,LAR,RB,23,5,0,0,0,0,0,0,0,0,NULL,0,0,0,0,NULL,0,0,0,0,NULL,NULL,
Shedrick Jackson,LVR,WR,26,1,0,0,0,0,0,0,0,0,NULL,0,0,0,0,NULL,0,0,0,0,NULL,NULL,
Jermar Jefferson,ARI,RB,25,2,0,0,0,0,0,0,0,0,NULL,0,0,0,0,NULL,0,0,0,0,NULL,NULL,
E.J. Jenkins,PHI,TE,27,1,0,0,0,0,0,0,0,0,NULL,0,0,0,0,NULL,0,0,0,0,NULL,NULL,
Jakob Johnson,HOU,FB,31,6,2,0,0,0,0,0,0,0,NULL,0,0,0,0,NULL,0,0,0,0,NULL,NULL,
Josh Johnson,WAS,QB,39,2,0,0,0,0,0,0,0,0,NULL,0,0,0,0,NULL,0,0,0,0,NULL,NULL,
Velus Jones Jr.,2TM,WR,28,6,0,0,0,0,0,0,0,0,NULL,0,0,0,0,NULL,0,0,0,0,NULL,NULL,
Nikola Kalinic,CHI,TE,28,1,0,0,0,0,0,0,0,0,NULL,0,0,0,0,NULL,0,0,0,0,NULL,NULL,
Nick Kallerup,SEA,TE,24,5,0,0,0,0,0,0,0,0,NULL,0,1,0,0,NULL,0,0,0,0,NULL,NULL,
Ko Kieft,TAM,TE,27,3,0,0,0,0,0,0,0,0,NULL,0,0,0,0,NULL,0,0,0,0,NULL,NULL,
KeAndre Lambert-Smith,LAC,WR,24,6,1,0,0,0,0,0,0,0,NULL,0,4,1,1,1.00,0,0,0,0,NULL,NULL,
Cameron Latu,PHI,TE,25,11,1,0,0,0,0,0,0,0,NULL,0,0,0,0,NULL,0,0,0,0,NULL,NULL,
Keleki Latu,BUF,TE,23,3,0,0,0,0,0,0,0,0,NULL,0,1,1,4,4.00,0,0,0,0,NULL,NULL,
Riley Leonard,IND,QB,23,1,0,0,2,0,0,0,1,1,1.00,0,0,0,0,NULL,0,0,0,0,NULL,NULL,
Marcedes Lewis,DEN,TE,41,3,1,0,0,0,0,0,0,0,NULL,0,0,0,0,NULL,0,0,0,0,NULL,NULL,
Drew Lock,SEA,QB,29,4,0,2,3,15,0,0,5,-5,-1.00,0,0,0,0,NULL,0,1,0,0,NULL,NULL,
Dominic Lovett,DET,WR,23,11,0,0,0,0,0,0,0,0,NULL,0,0,0,0,NULL,0,0,0,0,NULL,NULL,
Will Mallory,IND,TE,26,1,0,0,0,0,0,0,0,0,NULL,0,0,0,0,NULL,0,0,0,0,NULL,NULL,
Adrian Martinez,SFO,QB,25,1,0,0,0,0,0,0,1,-1,-1.00,0,0,0,0,NULL,0,0,0,0,NULL,NULL,
Moliki Matavao,NOR,TE,22,3,0,0,0,0,0,0,0,0,NULL,0,0,0,0,NULL,0,0,0,0,NULL,NULL,
Tanner McKee,PHI,QB,25,1,0,0,0,0,0,0,3,-2,-0.67,0,0,0,0,NULL,0,0,0,0,NULL,NULL,
Jackson Meeks,DET,WR,22,2,0,0,0,0,0,0,0,0,NULL,0,0,0,0,NULL,0,0,0,0,NULL,NULL,
Kendall Milton,CIN,RB,23,1,0,0,0,0,0,0,2,2,1.00,0,0,0,0,NULL,0,0,0,0,NULL,NULL,
Jordan Mims,TEN,RB,26,1,0,0,0,0,0,0,0,0,NULL,0,0,0,0,NULL,0,0,0,0,NULL,NULL,
Jonathan Mingo,DAL,WR,24,1,0,0,0,0,0,0,0,0,NULL,0,0,0,0,NULL,0,0,0,0,NULL,NULL,
Elijah Mitchell,KAN,RB,27,1,0,0,0,0,0,0,0,0,NULL,0,1,0,0,NULL,0,0,0,0,NULL,NULL,
Jalen Moreno-Cropper,DAL,WR,24,3,0,0,0,0,0,0,0,0,NULL,0,0,0,0,NULL,0,1,0,0,NULL,NULL,
Kalel Mullings,TEN,RB,23,4,0,0,0,0,0,0,0,0,NULL,0,0,0,0,NULL,0,0,0,0,NULL,NULL,
Nick Mullens,JAX,QB,30,2,0,0,0,0,0,0,3,-3,-1.00,0,0,0,0,NULL,0,0,0,0,NULL,NULL,
Lew Nichols,PIT,RB,24,1,0,0,0,0,0,0,0,0,NULL,0,0,0,0,NULL,0,0,0,0,NULL,NULL,
Robbie Ouzts,SEA,FB,23,8,2,0,0,0,0,0,0,0,NULL,0,0,0,0,NULL,0,0,0,0,NULL,NULL,
Brennan Presley,LAR,WR,23,1,0,0,0,0,0,0,0,0,NULL,0,0,0,0,NULL,0,0,0,0,NULL,NULL,
Teagan Quitoriano,ATL,TE,25,12,1,0,0,0,0,0,0,0,NULL,0,0,0,0,NULL,0,0,0,0,NULL,NULL,
Craig Reynolds,DET,RB,29,7,0,0,0,0,0,0,3,4,1.33,0,0,0,0,NULL,0,0,0,0,NULL,NULL,
Patrick Ricard,BAL,FB,31,6,2,0,0,0,0,0,1,3,3.00,0,0,0,0,NULL,0,0,0,0,NULL,NULL,
Ronnie Rivers,LAR,RB,26,6,0,0,0,0,0,0,0,0,NULL,0,0,0,0,NULL,0,0,0,0,NULL,NULL,
Jalen Royals,KAN,WR,22,4,0,0,0,0,0,0,0,0,NULL,0,0,0,0,NULL,0,0,0,0,NULL,NULL,
Hayden Rucci,MIA,TE,24,4,0,0,0,0,0,0,0,0,NULL,0,0,0,0,NULL,0,0,0,0,NULL,NULL,
Carter Runyon,LVR,TE,24,8,0,0,0,0,0,0,0,0,NULL,0,1,1,3,3.00,0,0,0,0,NULL,NULL,
Brady Russell,SEA,TE,27,12,1,0,0,0,0,0,0,0,NULL,0,0,0,0,NULL,0,0,0,0,NULL,NULL,
Brett Rypien,CIN,QB,29,1,0,0,0,0,0,0,0,0,NULL,0,0,0,0,NULL,0,0,0,0,NULL,NULL,
Cody Schrader,LAR,RB,26,1,0,0,0,0,0,0,0,0,NULL,0,0,0,0,NULL,0,0,0,0,NULL,NULL,
Trey Sermon,PIT,RB,26,4,0,0,0,0,0,0,0,0,NULL,0,0,0,0,NULL,0,0,0,0,NULL,NULL,
Justin Shorter,LVR,TE,25,7,0,0,0,0,0,0,0,0,NULL,0,0,0,0,NULL,0,0,0,0,NULL,NULL,
Ben Sims,2TM,TE,25,6,1,0,0,0,0,0,0,0,NULL,0,0,0,0,NULL,0,0,0,0,NULL,NULL,
Kedon Slovis,ARI,QB,24,2,0,1,2,-2,0,0,0,0,NULL,0,0,0,0,NULL,0,0,0,0,NULL,NULL,
Stone Smartt,NYJ,TE,27,10,0,0,0,0,0,0,0,0,NULL,0,0,0,0,NULL,0,0,0,0,NULL,NULL,
Brandon Smith,NYJ,WR,27,2,0,0,0,0,0,0,0,0,NULL,0,0,0,0,NULL,0,0,0,0,NULL,NULL,
Jarrett Stidham,DEN,QB,29,1,0,0,0,0,0,0,1,-1,-1.00,0,0,0,0,NULL,0,0,0,0,NULL,NULL,
Robert Tonyan,KAN,TE,31,12,0,0,0,0,0,0,0,0,NULL,0,1,1,1,1.00,0,0,0,0,NULL,NULL,
Laquon Treadwell,IND,WR,30,5,0,0,0,0,0,0,0,0,NULL,0,0,0,0,NULL,0,0,0,0,NULL,NULL,
Malik Turner,SFO,WR,29,3,0,0,0,0,0,0,0,0,NULL,0,1,0,0,NULL,0,0,0,0,NULL,NULL,
Sione Vaki,DET,RB,24,6,0,0,0,0,0,0,1,4,4.00,0,0,0,0,NULL,0,0,0,0,NULL,NULL,
Nick Vannett,2TM,TE,32,5,1,0,0,0,0,0,0,0,NULL,0,0,0,0,NULL,0,0,0,0,NULL,NULL,
Travis Vokolek,ARI,TE,27,5,1,0,0,0,0,0,0,0,NULL,0,0,0,0,NULL,0,0,0,0,NULL,NULL,
Jahdae Walker,CHI,WR,23,5,0,0,0,0,0,0,0,0,NULL,0,0,0,0,NULL,0,0,0,0,NULL,NULL,
Carlos Washington,ATL,RB,27,1,0,0,0,0,0,0,0,0,NULL,0,0,0,0,NULL,0,0,0,0,NULL,NULL,
Treyton Welch,NOR,TE,24,1,0,0,0,0,0,0,0,0,NULL,0,0,0,0,NULL,0,0,0,0,NULL,NULL,
Jack Westover,NWE,FB,26,13,1,0,0,0,0,0,0,0,NULL,0,1,0,0,NULL,0,0,0,0,NULL,NULL,
Blake Whiteheart,CLE,TE,25,12,2,0,0,0,0,0,0,0,NULL,0,3,2,4,2.00,0,1,0,0,NULL,NULL,
Ricky White,SEA,WR,23,2,0,0,0,0,0,0,0,0,NULL,0,0,0,0,NULL,0,0,0,0,NULL,NULL,
Jared Wiley,KAN,TE,25,1,0,0,0,0,0,0,0,0,NULL,0,1,1,4,4.00,0,0,0,0,NULL,NULL,
Avery Williams,NYJ,WR,27,1,0,0,0,0,0,0,0,0,NULL,0,0,0,0,NULL,0,0,0,0,NULL,NULL,
Brayden Willis,SFO,TE,26,5,0,0,0,0,0,0,0,0,NULL,0,1,0,0,NULL,0,0,0,0,NULL,NULL,
Trayveon Williams,LAC,RB,28,3,0,0,0,0,0,0,3,-1,-0.33,0,1,1,0,0.00,0,0,0,0,NULL,NULL,
Jeff Wilson,MIA,RB,30,2,0,0,0,0,0,0,0,0,NULL,0,0,0,0,NULL,0,0,0,0,NULL,NULL,
Jelani Woods,NYJ,TE,27,1,0,0,0,0,0,0,0,0,NULL,0,0,0,0,NULL,0,0,0,0,NULL,NULL,
Shane Zylstra,DET,TE,29,2,0,0,0,0,0,0,0,0,NULL,0,0,0,0,NULL,0,0,0,0,NULL,NULL,
Max Brosmer,MIN,QB,24,4,1,24,38,168,0,4,2,-2,-1.00,0,0,0,0,NULL,0,0,0,0,NULL,NULL,
Derius Davis,LAC,WR,25,9,0,0,0,0,0,0,2,5,2.50,0,2,1,3,3.00,0,1,1,0,NULL,NULL,
Gardner Minshew II,KAN,QB,29,2,0,0,0,0,0,0,5,-6,-1.20,0,0,0,0,NULL,0,0,0,0,NULL,NULL,
Tahj Washington,MIA,WR,24,4,1,0,0,0,0,0,0,0,NULL,0,2,1,11,11.00,0,1,1,0,NULL,NULL,
Jamal Agnew,ATL,WR,30,10,0,0,0,0,0,0,0,0,NULL,0,0,0,0,NULL,0,3,1,0,NULL,NULL,
Mecole Hardman,BUF,WR,27,1,0,0,0,0,0,0,0,0,NULL,0,1,0,0,NULL,0,1,1,0,NULL,NULL,
Jalen Milroe,SEA,QB,23,3,0,0,0,0,0,0,3,4,1.33,0,0,0,0,NULL,0,1,1,0,NULL,NULL,
Kenny Pickett,LVR,QB,27,2,0,2,3,8,0,0,1,0,0.00,0,0,0,0,NULL,0,1,1,0,NULL,NULL,
LaJohntay Wester,BAL,WR,23,12,0,0,0,0,0,0,0,0,NULL,0,0,0,0,NULL,0,2,1,0,NULL,NULL,
Ke'Shawn Williams,PIT,WR,24,8,0,0,0,0,0,0,0,0,NULL,0,0,0,0,NULL,0,2,1,0,NULL,NULL,
Xavier Gipson,2TM,WR,24,6,0,0,0,0,0,0,0,0,NULL,0,2,2,6,3.00,0,3,2,0,NULL,NULL,
Myles Price,MIN,WR,24,12,0,0,0,0,0,0,0,0,NULL,0,0,0,0,NULL,0,4,3,0,NULL,NULL,
